loss,intent_acc,slot_precision,slot_recall,slot_f1,semantic_frame_acc,name,epochs,seed,split
0.2973239931531928,0.9828571428571429,0.9578713968957872,0.9653631284916201,0.9616026711185309,0.9114285714285715,snips,10,123,test
0.2782086875628341,0.99,0.9557766721945826,0.9637681159420289,0.9597557590896474,0.9085714285714286,snips,10,123,dev
0.264877819202163,0.9814285714285714,0.9589117157134925,0.964804469273743,0.9618490671122251,0.9085714285714286,snips,10,231,test
0.2816714116118171,0.9842857142857143,0.9519071310116086,0.959866220735786,0.9558701082431308,0.8914285714285715,snips,10,231,dev
0.3015440187670968,0.9785714285714285,0.9561354802887285,0.9620111731843576,0.9590643274853803,0.9042857142857142,snips,10,312,test
0.24928883530876852,0.99,0.9542195256480971,0.9643255295429208,0.9592459107291378,0.9057142857142857,snips,10,312,dev
0.2747702293775298,0.9842857142857143,0.9633129516397999,0.9681564245810056,0.9657286152131512,0.92,snips,15,123,test
0.2708412026139823,0.9885714285714285,0.9526431718061674,0.9643255295429208,0.9584487534626038,0.9014285714285715,snips,15,123,dev
0.29499340328303253,0.9885714285714285,0.9552238805970149,0.9632107023411371,0.9592006661115737,0.9028571428571428,snips,15,231,dev
0.3091114800084721,0.9814285714285714,0.956858407079646,0.9664804469273743,0.961645358532518,0.9142857142857143,snips,15,231,test
0.28930820524692535,0.9814285714285714,0.950855880728879,0.9620111731843576,0.9564009997222994,0.9,snips,15,312,test
0.31479155780239537,0.99,0.9467325645249862,0.9609810479375697,0.9538035961272475,0.8971428571428571,snips,15,312,dev
0.34950638156045566,0.9842857142857143,0.9589117157134925,0.964804469273743,0.9618490671122251,0.9114285714285715,snips,20,123,test
0.3424960764294321,0.99,0.9590481460985059,0.9659977703455964,0.9625104137739517,0.91,snips,20,123,dev
0.3722699765454639,0.9814285714285714,0.9545706371191136,0.9625698324022346,0.9585535465924895,0.91,snips,20,231,test
0.349915127185258,0.9885714285714285,0.9584487534626038,0.9643255295429208,0.9613781606001667,0.9042857142857142,snips,20,231,dev
0.33679037947546353,0.9871428571428571,0.948237885462555,0.959866220735786,0.954016620498615,0.8914285714285715,snips,20,312,dev
0.3191580948504535,0.9814285714285714,0.962819089900111,0.9692737430167597,0.9660356347438752,0.92,snips,20,312,test
0.39777058515359054,0.9814285714285714,0.9584026622296173,0.9653631284916201,0.9618703033676593,0.9114285714285715,snips,25,123,test
0.38046880201859906,0.9885714285714285,0.9558255107675317,0.9648829431438127,0.9603328710124827,0.9028571428571428,snips,25,123,dev
0.40872223539785907,0.9842857142857143,0.9558255107675317,0.9648829431438127,0.9603328710124827,0.9071428571428571,snips,25,231,dev
0.36148880422115326,0.9814285714285714,0.9606430155210643,0.9681564245810056,0.9643850862548692,0.9171428571428571,snips,25,231,test
0.3332148951224305,0.9857142857142858,0.965,0.970391061452514,0.9676880222841227,0.9185714285714286,snips,25,312,test
0.3447966744953936,0.9871428571428571,0.9520396912899669,0.9626532887402452,0.9573170731707317,0.8942857142857142,snips,25,312,dev
0.3944174039431594,0.9785714285714285,0.9594669627984453,0.9653631284916201,0.962406015037594,0.9157142857142857,snips,30,123,test
0.3936373151161454,0.9871428571428571,0.9499725123694338,0.9632107023411371,0.9565458068087462,0.9042857142857142,snips,30,123,dev
0.3730960068377582,0.9814285714285714,0.9611973392461197,0.9687150837988827,0.9649415692821369,0.92,snips,30,231,test
0.40505877611311997,0.9871428571428571,0.9515685195376995,0.9637681159420289,0.9576294655220161,0.9014285714285715,snips,30,231,dev
0.34718966348604724,0.9842857142857143,0.9644839067702553,0.9709497206703911,0.9677060133630291,0.9214285714285714,snips,30,312,test
0.3673078580336137,0.9885714285714285,0.9575523704520397,0.9682274247491639,0.9628603104212861,0.91,snips,30,312,dev
0.41548684713515366,0.9857142857142858,0.9542699724517907,0.9654403567447045,0.9598226655583264,0.91,snips,35,123,dev
0.41183966110375797,0.98,0.9594669627984453,0.9653631284916201,0.962406015037594,0.9142857142857143,snips,35,123,test
0.43747708133675833,0.9857142857142858,0.956882255389718,0.9648829431438127,0.9608659450457953,0.9057142857142857,snips,35,231,dev
0.3854006657546217,0.98,0.9655746807329262,0.9715083798882681,0.9685324422166527,0.9157142857142857,snips,35,231,test
0.4033032916486263,0.9871428571428571,0.9542699724517907,0.9654403567447045,0.9598226655583264,0.9057142857142857,snips,35,312,dev
0.3627380857413465,0.9842857142857143,0.9634349030470915,0.9715083798882681,0.9674547983310152,0.9228571428571428,snips,35,312,test
0.4116648388179866,0.9857142857142858,0.9569298729983434,0.9659977703455964,0.9614424410540915,0.91,snips,40,123,dev
0.42430017566816375,0.9814285714285714,0.9583795782463929,0.964804469273743,0.9615812917594654,0.9142857142857143,snips,40,123,test
0.4363997226411646,0.9857142857142858,0.9563776918829376,0.9654403567447045,0.9608876560332871,0.9085714285714286,snips,40,231,dev
0.38832732154564426,0.9814285714285714,0.9634349030470915,0.9715083798882681,0.9674547983310152,0.92,snips,40,231,test
0.40704797411506827,0.9885714285714285,0.9574820541137493,0.9665551839464883,0.961997226074896,0.9071428571428571,snips,40,312,dev
0.3767321031879295,0.9842857142857143,0.9644839067702553,0.9709497206703911,0.9677060133630291,0.9228571428571428,snips,40,312,test
0.2449671155349775,0.9885714285714285,0.9443219404630651,0.9548494983277592,0.9495565410199557,0.8828571428571429,snips,5,123,dev
0.25908822219141503,0.9828571428571429,0.9492553778268064,0.9614525139664805,0.955315015265057,0.9,snips,5,123,test
0.21692526475949722,0.9857142857142858,0.9513812154696133,0.959866220735786,0.9556048834628191,0.8828571428571429,snips,5,231,dev
0.21062878383831543,0.9814285714285714,0.9481236203090507,0.9597765363128492,0.9539144919489172,0.8985714285714286,snips,5,231,test
0.24992021748965437,0.9814285714285714,0.9468732706142778,0.9558659217877095,0.9513483458437587,0.8885714285714286,snips,5,312,test
0.222766752270135,0.9885714285714285,0.9504132231404959,0.9615384615384616,0.9559434746467166,0.8971428571428571,snips,5,312,dev
0.21644137664274735,0.9885714285714285,0.9437086092715232,0.9531772575250836,0.9484193011647255,0.8771428571428571,snips.bracketed.NP+VP.supervised,10,123,dev
0.18977090597830035,0.9857142857142858,0.9513812154696133,0.9620111731843576,0.9566666666666668,0.8985714285714286,snips.bracketed.NP+VP.supervised,10,123,test
0.15787657104771247,0.9828571428571429,0.9563294637921503,0.9664804469273743,0.9613781606001668,0.91,snips.bracketed.NP+VP.supervised,10,231,test
0.21003952690146185,0.9828571428571429,0.9407894736842105,0.9565217391304348,0.9485903814262024,0.8785714285714286,snips.bracketed.NP+VP.supervised,10,231,dev
0.14688301594419914,0.9885714285714285,0.9509100937672367,0.9631284916201117,0.9569802941992783,0.9,snips.bracketed.NP+VP.supervised,10,312,test
0.2002208476716822,0.9871428571428571,0.95146166574738,0.9615384615384616,0.956473523703909,0.9014285714285715,snips.bracketed.NP+VP.supervised,10,312,dev
0.15512620471417904,0.9914285714285714,0.949862258953168,0.9609810479375697,0.9553893045164866,0.8971428571428571,snips.bracketed.NP+VP.supervised,15,123,dev
0.2309772182594646,0.9814285714285714,0.956738768718802,0.9636871508379888,0.9602003896465349,0.9057142857142857,snips.bracketed.NP+VP.supervised,15,123,test
0.1472090044990182,0.9885714285714285,0.9590027700831025,0.9670391061452513,0.9630041724617524,0.9128571428571428,snips.bracketed.NP+VP.supervised,15,231,test
0.19230599803003398,0.9842857142857143,0.9487885462555066,0.9604236343366778,0.9545706371191135,0.8942857142857142,snips.bracketed.NP+VP.supervised,15,231,dev
0.21429373662580142,0.9842857142857143,0.9545957918050941,0.9631284916201117,0.9588431590656286,0.9042857142857142,snips.bracketed.NP+VP.supervised,15,312,test
0.18809619105675005,0.9885714285714285,0.9492833517089305,0.959866220735786,0.9545454545454545,0.8914285714285715,snips.bracketed.NP+VP.supervised,15,312,dev
0.19201773676005277,0.9857142857142858,0.9513274336283186,0.9587513935340022,0.9550249861188228,0.89,snips.bracketed.NP+VP.supervised,20,123,dev
0.16544170017269524,0.9885714285714285,0.9584026622296173,0.9653631284916201,0.9618703033676593,0.9128571428571428,snips.bracketed.NP+VP.supervised,20,123,test
0.1610907120630145,0.9857142857142858,0.9638888888888889,0.9692737430167597,0.9665738161559889,0.9185714285714286,snips.bracketed.NP+VP.supervised,20,231,test
0.23100408843972467,0.9871428571428571,0.9493949394939494,0.9620958751393534,0.955703211517165,0.9014285714285715,snips.bracketed.NP+VP.supervised,20,231,dev
0.22858512570912187,0.9871428571428571,0.9493949394939494,0.9620958751393534,0.955703211517165,0.8971428571428571,snips.bracketed.NP+VP.supervised,20,312,dev
0.22072099403224207,0.9828571428571429,0.9605336297943302,0.9653631284916201,0.962942323767066,0.9114285714285715,snips.bracketed.NP+VP.supervised,20,312,test
0.17819468592378226,0.9885714285714285,0.9622222222222222,0.9675977653631285,0.9649025069637884,0.9185714285714286,snips.bracketed.NP+VP.supervised,25,123,test
0.24408832056955856,0.9871428571428571,0.9493392070484582,0.9609810479375697,0.9551246537396122,0.8914285714285715,snips.bracketed.NP+VP.supervised,25,123,dev
0.2597647492181171,0.9871428571428571,0.9486754966887417,0.9581939799331104,0.9534109816971714,0.8928571428571429,snips.bracketed.NP+VP.supervised,25,231,dev
0.17125766842880033,0.9885714285714285,0.9616879511382566,0.9675977653631285,0.96463380673907,0.92,snips.bracketed.NP+VP.supervised,25,231,test
0.2444995685734532,0.9857142857142858,0.9450851180669961,0.9593088071348941,0.9521438450899031,0.89,snips.bracketed.NP+VP.supervised,25,312,dev
0.21832442893223328,0.9828571428571429,0.9566907273736813,0.9625698324022346,0.959621275410749,0.9028571428571428,snips.bracketed.NP+VP.supervised,25,312,test
0.20895608624612744,0.9857142857142858,0.9600886917960089,0.9675977653631285,0.9638286032276017,0.9142857142857143,snips.bracketed.NP+VP.supervised,30,123,test
0.2574944215064699,0.9885714285714285,0.9493670886075949,0.9615384615384616,0.9554140127388535,0.8985714285714286,snips.bracketed.NP+VP.supervised,30,123,dev
0.14042237814282998,0.9871428571428571,0.9639089394780678,0.9698324022346368,0.9668615984405458,0.9257142857142857,snips.bracketed.NP+VP.supervised,30,231,test
0.24569987573406912,0.9871428571428571,0.9498898678414097,0.9615384615384616,0.9556786703601109,0.8971428571428571,snips.bracketed.NP+VP.supervised,30,231,dev
0.242435617541725,0.9857142857142858,0.9525648097076669,0.9626532887402452,0.9575824785140006,0.9,snips.bracketed.NP+VP.supervised,30,312,dev
0.2125726533545689,0.9885714285714285,0.9595343680709535,0.9670391061452513,0.9632721202003339,0.91,snips.bracketed.NP+VP.supervised,30,312,test
0.21815520982173356,0.9871428571428571,0.962819089900111,0.9692737430167597,0.9660356347438752,0.9171428571428571,snips.bracketed.NP+VP.supervised,35,123,test
0.2714750502597202,0.9871428571428571,0.9525909592061742,0.9632107023411371,0.9578713968957872,0.8985714285714286,snips.bracketed.NP+VP.supervised,35,123,dev
0.17995109574886473,0.9871428571428571,0.9672222222222222,0.9726256983240223,0.96991643454039,0.9285714285714286,snips.bracketed.NP+VP.supervised,35,231,test
0.27833920276977797,0.9857142857142858,0.9548209366391185,0.9659977703455964,0.9603768356885565,0.9071428571428571,snips.bracketed.NP+VP.supervised,35,231,dev
0.23940506103363904,0.9871428571428571,0.9515685195376995,0.9637681159420289,0.9576294655220161,0.9014285714285715,snips.bracketed.NP+VP.supervised,35,312,dev
0.2293648695234548,0.9885714285714285,0.9552733296521259,0.9664804469273743,0.9608442099416828,0.9057142857142857,snips.bracketed.NP+VP.supervised,35,312,test
0.27574955197897827,0.9871428571428571,0.9563776918829376,0.9654403567447045,0.9608876560332871,0.9014285714285715,snips.bracketed.NP+VP.supervised,40,123,dev
0.244772711599415,0.9857142857142858,0.9622641509433962,0.9687150837988827,0.965478841870824,0.92,snips.bracketed.NP+VP.supervised,40,123,test
0.17475132801403312,0.9885714285714285,0.9688542825361512,0.9731843575418995,0.9710144927536233,0.9328571428571428,snips.bracketed.NP+VP.supervised,40,231,test
0.27288363772359764,0.9857142857142858,0.9547960308710033,0.9654403567447045,0.9600886917960089,0.9028571428571428,snips.bracketed.NP+VP.supervised,40,231,dev
0.23255197940902275,0.9871428571428571,0.9537190082644628,0.9648829431438127,0.9592684954280964,0.9042857142857142,snips.bracketed.NP+VP.supervised,40,312,dev
0.22769523953849619,0.9885714285714285,0.9547461368653422,0.9664804469273743,0.960577456968351,0.91,snips.bracketed.NP+VP.supervised,40,312,test
0.13049108086323197,0.9857142857142858,0.9502762430939227,0.9608938547486033,0.9555555555555556,0.8985714285714286,snips.bracketed.NP+VP.supervised,5,123,test
0.1704420159486207,0.9857142857142858,0.9392778993435449,0.9570791527313266,0.9480949751518497,0.88,snips.bracketed.NP+VP.supervised,5,123,dev
0.16822416623207656,0.9814285714285714,0.9435307017543859,0.9593088071348941,0.9513543394140409,0.8857142857142857,snips.bracketed.NP+VP.supervised,5,231,dev
0.10220260922373696,0.9857142857142858,0.9503858875413451,0.9631284916201117,0.9567147613762486,0.9,snips.bracketed.NP+VP.supervised,5,231,test
0.16646622341464867,0.9885714285714285,0.9440175631174533,0.9587513935340022,0.9513274336283186,0.8828571428571429,snips.bracketed.NP+VP.supervised,5,312,dev
0.183233972215517,0.9828571428571429,0.9463792150359315,0.9564245810055866,0.9513753820505696,0.8842857142857142,snips.bracketed.NP+VP.supervised,5,312,test
0.18028351038017057,0.9871428571428571,0.9526952695269527,0.9654403567447045,0.9590254706533776,0.9071428571428571,snips.bracketed.NP+VP.with_labels.supervised,10,123,dev
0.19621415402401576,0.9814285714285714,0.9507198228128461,0.9592178770949721,0.9549499443826474,0.8971428571428571,snips.bracketed.NP+VP.with_labels.supervised,10,123,test
0.1351625235243277,0.9885714285714285,0.9466739967014843,0.9620111731843576,0.9542809642560266,0.9,snips.bracketed.NP+VP.with_labels.supervised,10,231,test
0.21836130558089775,0.9842857142857143,0.9424657534246575,0.9587513935340022,0.9505388228792484,0.8842857142857142,snips.bracketed.NP+VP.with_labels.supervised,10,231,dev
0.1845656596970829,0.9857142857142858,0.9565701559020044,0.9597765363128492,0.9581706636921361,0.9014285714285715,snips.bracketed.NP+VP.with_labels.supervised,10,312,test
0.17328271794725547,0.9885714285714285,0.9500274574409665,0.9643255295429208,0.9571230982019363,0.8985714285714286,snips.bracketed.NP+VP.with_labels.supervised,10,312,dev
0.17343799939209764,0.9828571428571429,0.9555308504724848,0.9603351955307262,0.9579269991641126,0.9042857142857142,snips.bracketed.NP+VP.with_labels.supervised,15,123,test
0.21326782588254323,0.9871428571428571,0.9441095890410959,0.9604236343366778,0.9521967394307819,0.89,snips.bracketed.NP+VP.with_labels.supervised,15,123,dev
0.21535896476019512,0.9871428571428571,0.9515685195376995,0.9637681159420289,0.9576294655220161,0.8942857142857142,snips.bracketed.NP+VP.with_labels.supervised,15,231,dev
0.18536061658100647,0.9857142857142858,0.952433628318584,0.9620111731843576,0.9571984435797666,0.9,snips.bracketed.NP+VP.with_labels.supervised,15,231,test
0.19353280250321736,0.99,0.9445054945054945,0.9581939799331104,0.9513004980630879,0.8857142857142857,snips.bracketed.NP+VP.with_labels.supervised,15,312,dev
0.15971898202869025,0.9871428571428571,0.9536167863059083,0.964804469273743,0.9591780061094141,0.9042857142857142,snips.bracketed.NP+VP.with_labels.supervised,15,312,test
0.22472304173491217,0.9885714285714285,0.9525648097076669,0.9626532887402452,0.9575824785140006,0.9028571428571428,snips.bracketed.NP+VP.with_labels.supervised,20,123,dev
0.2572357767176899,0.9828571428571429,0.9524599226091763,0.9625698324022346,0.9574881911642122,0.9,snips.bracketed.NP+VP.with_labels.supervised,20,123,test
0.27482653612440283,0.98,0.9475717439293598,0.9570791527313266,0.9523017193566279,0.8857142857142857,snips.bracketed.NP+VP.with_labels.supervised,20,231,dev
0.23643491755832324,0.9785714285714285,0.9539656128674432,0.9608938547486033,0.9574172001113276,0.9042857142857142,snips.bracketed.NP+VP.with_labels.supervised,20,231,test
0.21564850922335277,0.9842857142857143,0.950855880728879,0.9620111731843576,0.9564009997222994,0.9042857142857142,snips.bracketed.NP+VP.with_labels.supervised,20,312,test
0.23341738585044036,0.9871428571428571,0.9472527472527472,0.9609810479375697,0.9540675152185943,0.8942857142857142,snips.bracketed.NP+VP.with_labels.supervised,20,312,dev
0.26894327710297977,0.9857142857142858,0.9520925110132159,0.9637681159420289,0.9578947368421051,0.9057142857142857,snips.bracketed.NP+VP.with_labels.supervised,25,123,dev
0.2844438168474219,0.9828571428571429,0.9638487208008899,0.9681564245810056,0.9659977703455964,0.9142857142857143,snips.bracketed.NP+VP.with_labels.supervised,25,123,test
0.18746181306513873,0.9842857142857143,0.9599777654252363,0.964804469273743,0.962385065477849,0.9114285714285715,snips.bracketed.NP+VP.with_labels.supervised,25,231,test
0.2420905703170733,0.9871428571428571,0.9519337016574586,0.9604236343366778,0.9561598224195338,0.8928571428571429,snips.bracketed.NP+VP.with_labels.supervised,25,231,dev
0.2135493414984508,0.99,0.9504950495049505,0.9632107023411371,0.9568106312292358,0.9,snips.bracketed.NP+VP.with_labels.supervised,25,312,dev
0.20683023147284985,0.9842857142857143,0.9530646051905025,0.964245810055866,0.9586226048319912,0.9085714285714286,snips.bracketed.NP+VP.with_labels.supervised,25,312,test
0.23842328888448802,0.99,0.9479166666666666,0.9637681159420289,0.9557766721945825,0.8971428571428571,snips.bracketed.NP+VP.with_labels.supervised,30,123,dev
0.24701333401555364,0.9814285714285714,0.9600886917960089,0.9675977653631285,0.9638286032276017,0.9128571428571428,snips.bracketed.NP+VP.with_labels.supervised,30,123,test
0.20861021158370105,0.9885714285714285,0.9551991150442478,0.964804469273743,0.9599777654252362,0.9057142857142857,snips.bracketed.NP+VP.with_labels.supervised,30,231,test
0.2601028640161861,0.9871428571428571,0.9426229508196722,0.9615384615384616,0.9519867549668876,0.8871428571428571,snips.bracketed.NP+VP.with_labels.supervised,30,231,dev
0.23303520340811124,0.9871428571428571,0.9483800109829764,0.9626532887402452,0.955463347164592,0.9,snips.bracketed.NP+VP.with_labels.supervised,30,312,dev
0.23700407570735973,0.9828571428571429,0.9579180509413068,0.9664804469273743,0.9621802002224695,0.9071428571428571,snips.bracketed.NP+VP.with_labels.supervised,30,312,test
0.23909046907316556,0.99,0.9510720175920836,0.9643255295429208,0.9576529200110712,0.9028571428571428,snips.bracketed.NP+VP.with_labels.supervised,35,123,dev
0.24035273272205482,0.9814285714285714,0.9584947426674045,0.9675977653631285,0.9630247428412567,0.91,snips.bracketed.NP+VP.with_labels.supervised,35,123,test
0.2566279308362441,0.9857142857142858,0.943437671609006,0.9576365663322185,0.9504840940525588,0.8885714285714286,snips.bracketed.NP+VP.with_labels.supervised,35,231,dev
0.21642718531868674,0.9871428571428571,0.9572697003329633,0.9636871508379888,0.960467706013363,0.9057142857142857,snips.bracketed.NP+VP.with_labels.supervised,35,231,test
0.2419248020107096,0.9885714285714285,0.9552238805970149,0.9632107023411371,0.9592006661115737,0.9014285714285715,snips.bracketed.NP+VP.with_labels.supervised,35,312,dev
0.24034587971188806,0.9857142857142858,0.9617092119866815,0.9681564245810056,0.9649220489977728,0.92,snips.bracketed.NP+VP.with_labels.supervised,35,312,test
0.23921762745488773,0.9828571428571429,0.9579878385848535,0.9681564245810056,0.9630452903584328,0.9128571428571428,snips.bracketed.NP+VP.with_labels.supervised,40,123,test
0.243325606665828,0.99,0.9510451045104511,0.9637681159420289,0.9573643410852715,0.9028571428571428,snips.bracketed.NP+VP.with_labels.supervised,40,123,dev
0.2778217243877324,0.9871428571428571,0.9476295479603087,0.9581939799331104,0.9528824833702882,0.89,snips.bracketed.NP+VP.with_labels.supervised,40,231,dev
0.23048599301414055,0.9857142857142858,0.9594219010561423,0.964245810055866,0.9618278071886318,0.91,snips.bracketed.NP+VP.with_labels.supervised,40,231,test
0.2476468441838568,0.9885714285714285,0.9557766721945826,0.9637681159420289,0.9597557590896474,0.9057142857142857,snips.bracketed.NP+VP.with_labels.supervised,40,312,dev
0.2170083780180324,0.9857142857142858,0.9645232815964523,0.9720670391061452,0.9682804674457428,0.9242857142857143,snips.bracketed.NP+VP.with_labels.supervised,40,312,test
0.1265101945874366,0.9885714285714285,0.9484764542936288,0.9564245810055866,0.9524339360222532,0.8871428571428571,snips.bracketed.NP+VP.with_labels.supervised,5,123,test
0.13375384953211655,0.9871428571428571,0.9510181618051734,0.9632107023411371,0.9570756023262255,0.8928571428571429,snips.bracketed.NP+VP.with_labels.supervised,5,123,dev
0.16446502405134114,0.9885714285714285,0.943437671609006,0.9576365663322185,0.9504840940525588,0.8814285714285715,snips.bracketed.NP+VP.with_labels.supervised,5,231,dev
0.12813280234959992,0.9842857142857143,0.9487603305785124,0.9620111731843576,0.9553398058252427,0.89,snips.bracketed.NP+VP.with_labels.supervised,5,231,test
0.1729176426306367,0.9785714285714285,0.9411117226197028,0.9553072625698324,0.9481563626282229,0.8842857142857142,snips.bracketed.NP+VP.with_labels.supervised,5,312,test
0.15045180222527546,0.9885714285714285,0.9439252336448598,0.9570791527313266,0.950456684195959,0.8871428571428571,snips.bracketed.NP+VP.with_labels.supervised,5,312,dev
0.16446925276382404,0.99,0.9498346196251378,0.9604236343366778,0.95509977827051,0.8942857142857142,snips.bracketed.NP.supervised,10,123,dev
0.1623727415095676,0.99,0.9583795782463929,0.964804469273743,0.9615812917594654,0.9085714285714286,snips.bracketed.NP.supervised,10,123,test
0.18233669041232628,0.9871428571428571,0.9445359692476661,0.9587513935340022,0.9515905947441216,0.8871428571428571,snips.bracketed.NP.supervised,10,231,dev
0.15465097620405935,0.9842857142857143,0.9508830022075055,0.9625698324022346,0.9566907273736813,0.9,snips.bracketed.NP.supervised,10,231,test
0.22335071658546274,0.9871428571428571,0.9498346196251378,0.9604236343366778,0.95509977827051,0.8971428571428571,snips.bracketed.NP.supervised,10,312,dev
0.21136189404536376,0.9857142857142858,0.9522487506940589,0.9581005586592178,0.9551656920077972,0.9014285714285715,snips.bracketed.NP.supervised,10,312,test
0.2915022938766263,0.98,0.9595119245701609,0.9664804469273743,0.9629835791817423,0.9157142857142857,snips.bracketed.NP.supervised,15,123,test
0.24528122439303182,0.9885714285714285,0.9531422271223815,0.9637681159420289,0.9584257206208426,0.9,snips.bracketed.NP.supervised,15,123,dev
0.2323222431269559,0.9828571428571429,0.956882255389718,0.9670391061452513,0.9619338705195887,0.91,snips.bracketed.NP.supervised,15,231,test
0.24207170036706058,0.9885714285714285,0.9480662983425414,0.9565217391304348,0.9522752497225305,0.8914285714285715,snips.bracketed.NP.supervised,15,231,dev
0.22459686547517776,0.9885714285714285,0.9547461368653422,0.9643255295429208,0.9595119245701609,0.9014285714285715,snips.bracketed.NP.supervised,15,312,dev
0.17932536571540617,0.9842857142857143,0.9595119245701609,0.9664804469273743,0.9629835791817423,0.9114285714285715,snips.bracketed.NP.supervised,15,312,test
0.26403943533924495,0.98,0.9600222098833981,0.9659217877094972,0.962962962962963,0.9128571428571428,snips.bracketed.NP.supervised,20,123,test
0.24828878316012296,0.9871428571428571,0.9552980132450332,0.9648829431438127,0.9600665557404326,0.9057142857142857,snips.bracketed.NP.supervised,20,123,dev
0.3166548249057748,0.9771428571428571,0.9567627494456763,0.964245810055866,0.9604897050639956,0.9071428571428571,snips.bracketed.NP.supervised,20,231,test
0.2671416303650899,0.9871428571428571,0.9552733296521259,0.9643255295429208,0.9597780859916781,0.9014285714285715,snips.bracketed.NP.supervised,20,231,dev
0.2655554766004736,0.9842857142857143,0.947136563876652,0.9587513935340022,0.9529085872576176,0.8914285714285715,snips.bracketed.NP.supervised,20,312,dev
0.21882984998889946,0.9814285714285714,0.9539656128674432,0.9608938547486033,0.9574172001113276,0.9028571428571428,snips.bracketed.NP.supervised,20,312,test
0.2775549617257308,0.9814285714285714,0.9600665557404326,0.9670391061452513,0.9635402170887837,0.9185714285714286,snips.bracketed.NP.supervised,25,123,test
0.2505558045072989,0.9871428571428571,0.9563053097345132,0.9637681159420289,0.960022209883398,0.9042857142857142,snips.bracketed.NP.supervised,25,123,dev
0.27885676293887873,0.9785714285714285,0.9649610678531702,0.9692737430167597,0.9671125975473801,0.9185714285714286,snips.bracketed.NP.supervised,25,231,test
0.2478495744818991,0.99,0.9493670886075949,0.9615384615384616,0.9554140127388535,0.8985714285714286,snips.bracketed.NP.supervised,25,231,dev
0.3251588436012918,0.9828571428571429,0.9471656576774904,0.9593088071348941,0.953198559955691,0.8914285714285715,snips.bracketed.NP.supervised,25,312,dev
0.28300337214022875,0.9842857142857143,0.9643454038997215,0.9670391061452513,0.9656903765690376,0.9214285714285714,snips.bracketed.NP.supervised,25,312,test
0.2637223272838376,0.9871428571428571,0.9504405286343612,0.9620958751393534,0.9562326869806094,0.8985714285714286,snips.bracketed.NP.supervised,30,123,dev
0.2944359873336824,0.9828571428571429,0.9616879511382566,0.9675977653631285,0.96463380673907,0.9157142857142857,snips.bracketed.NP.supervised,30,123,test
0.26122873420403764,0.9842857142857143,0.9667221297836939,0.9737430167597766,0.9702198719732815,0.9242857142857143,snips.bracketed.NP.supervised,30,231,test
0.28363207897002046,0.9871428571428571,0.9552486187845304,0.9637681159420289,0.9594894561598224,0.9071428571428571,snips.bracketed.NP.supervised,30,231,dev
0.29285452074625273,0.9842857142857143,0.9536934950385888,0.9643255295429208,0.958980044345898,0.9028571428571428,snips.bracketed.NP.supervised,30,312,dev
0.1772262393920259,0.9914285714285714,0.9590027700831025,0.9670391061452513,0.9630041724617524,0.9157142857142857,snips.bracketed.NP.supervised,30,312,test
0.275938981636004,0.9871428571428571,0.9552980132450332,0.9648829431438127,0.9600665557404326,0.9042857142857142,snips.bracketed.NP.supervised,35,123,dev
0.2941971350122582,0.9842857142857143,0.9616879511382566,0.9675977653631285,0.96463380673907,0.9171428571428571,snips.bracketed.NP.supervised,35,123,test
0.28380406173792755,0.98,0.9661674986134221,0.9731843575418995,0.96966323406624,0.9242857142857143,snips.bracketed.NP.supervised,35,231,test
0.2873523739928549,0.9885714285714285,0.9563294637921503,0.9643255295429208,0.9603108520677214,0.9057142857142857,snips.bracketed.NP.supervised,35,231,dev
0.20553174487907777,0.9857142857142858,0.9610678531701891,0.9653631284916201,0.9632107023411371,0.9185714285714286,snips.bracketed.NP.supervised,35,312,test
0.2721483206207102,0.9857142857142858,0.9525909592061742,0.9632107023411371,0.9578713968957872,0.9014285714285715,snips.bracketed.NP.supervised,35,312,dev
0.2789737064052712,0.9871428571428571,0.9568345323741008,0.9637681159420289,0.9602888086642598,0.9071428571428571,snips.bracketed.NP.supervised,40,123,dev
0.29141484446484933,0.9857142857142858,0.9639289678135405,0.970391061452514,0.9671492204899778,0.9257142857142857,snips.bracketed.NP.supervised,40,123,test
0.2888497307219289,0.9885714285714285,0.956353591160221,0.9648829431438127,0.9605993340732519,0.9071428571428571,snips.bracketed.NP.supervised,40,231,dev
0.2801147232001478,0.98,0.9645821804095185,0.9737430167597766,0.969140950792327,0.9185714285714286,snips.bracketed.NP.supervised,40,231,test
0.22059400481256572,0.9842857142857143,0.9616879511382566,0.9675977653631285,0.96463380673907,0.9185714285714286,snips.bracketed.NP.supervised,40,312,test
0.2795090428130193,0.9871428571428571,0.9520925110132159,0.9637681159420289,0.9578947368421051,0.9028571428571428,snips.bracketed.NP.supervised,40,312,dev
0.15370049750940365,0.9828571428571429,0.9519071310116086,0.9620111731843576,0.9569324812447902,0.9,snips.bracketed.NP.supervised,5,123,test
0.17666000127792358,0.9857142857142858,0.949862258953168,0.9609810479375697,0.9553893045164866,0.8942857142857142,snips.bracketed.NP.supervised,5,123,dev
0.1676374910907312,0.9857142857142858,0.9403066812705367,0.9570791527313266,0.9486187845303867,0.88,snips.bracketed.NP.supervised,5,231,dev
0.17836680161682042,0.9757142857142858,0.9413698630136986,0.9597765363128492,0.9504840940525587,0.8814285714285715,snips.bracketed.NP.supervised,5,231,test
0.16424179856072774,0.9842857142857143,0.9499174463401211,0.9620958751393534,0.9559678759346442,0.8928571428571429,snips.bracketed.NP.supervised,5,312,dev
0.16618915359404954,0.9857142857142858,0.9484193011647255,0.9553072625698324,0.9518508210409129,0.8914285714285715,snips.bracketed.NP.supervised,5,312,test
0.2363858771595088,0.9857142857142858,0.9460649422124381,0.9581939799331104,0.9520908335641097,0.8942857142857142,snips.bracketed.VP.supervised,10,123,dev
0.23040444031357765,0.98,0.9562811289429994,0.9653631284916201,0.9608006672226855,0.91,snips.bracketed.VP.supervised,10,123,test
0.3029522787440907,0.9842857142857143,0.9432194046306505,0.9537346711259754,0.9484478935698447,0.8785714285714286,snips.bracketed.VP.supervised,10,231,dev
0.265701254660433,0.9785714285714285,0.9540929203539823,0.9636871508379888,0.9588660366870484,0.9071428571428571,snips.bracketed.VP.supervised,10,231,test
0.22180244292725215,0.9857142857142858,0.9535141117874931,0.9625698324022346,0.9580205726994718,0.8971428571428571,snips.bracketed.VP.supervised,10,312,test
0.22689539625902067,0.9885714285714285,0.9492833517089305,0.959866220735786,0.9545454545454545,0.8942857142857142,snips.bracketed.VP.supervised,10,312,dev
0.26546529900621285,0.9842857142857143,0.9445359692476661,0.9587513935340022,0.9515905947441216,0.8871428571428571,snips.bracketed.VP.supervised,15,123,dev
0.2083996751091697,0.9885714285714285,0.961730449251248,0.9687150837988827,0.9652101308099083,0.92,snips.bracketed.VP.supervised,15,123,test
0.2994847832755609,0.9885714285714285,0.9524073049252906,0.9593088071348941,0.9558455984448765,0.89,snips.bracketed.VP.supervised,15,231,dev
0.2559405030174689,0.9814285714285714,0.9595119245701609,0.9664804469273743,0.9629835791817423,0.9114285714285715,snips.bracketed.VP.supervised,15,231,test
0.28413555483249103,0.9842857142857143,0.9583795782463929,0.964804469273743,0.9615812917594654,0.9071428571428571,snips.bracketed.VP.supervised,15,312,test
0.30169119211760437,0.9842857142857143,0.948180815876516,0.9587513935340022,0.9534368070953437,0.8928571428571429,snips.bracketed.VP.supervised,15,312,dev
0.3124795300378041,0.9814285714285714,0.9601108033240997,0.9681564245810056,0.964116828929068,0.9142857142857143,snips.bracketed.VP.supervised,20,123,test
0.3073137446560643,0.9857142857142858,0.9515418502202643,0.9632107023411371,0.9573407202216065,0.9042857142857142,snips.bracketed.VP.supervised,20,123,dev
0.2643959454514764,0.9828571428571429,0.9585635359116023,0.9692737430167597,0.9638888888888889,0.9171428571428571,snips.bracketed.VP.supervised,20,231,test
0.31925432316281577,0.9857142857142858,0.9535911602209944,0.9620958751393534,0.9578246392896781,0.9,snips.bracketed.VP.supervised,20,231,dev
0.31638700498098676,0.98,0.9589345172031076,0.9653631284916201,0.9621380846325167,0.91,snips.bracketed.VP.supervised,20,312,test
0.3042491916567087,0.9857142857142858,0.9541436464088398,0.9626532887402452,0.9583795782463929,0.9,snips.bracketed.VP.supervised,20,312,dev
0.21604600447145375,0.9828571428571429,0.9583795782463929,0.964804469273743,0.9615812917594654,0.9142857142857143,snips.bracketed.VP.supervised,25,123,test
0.20289044522426344,0.99,0.9521452145214522,0.9648829431438127,0.9584717607973422,0.91,snips.bracketed.VP.supervised,25,123,dev
0.25556611913171684,0.9814285714285714,0.9634349030470915,0.9715083798882681,0.9674547983310152,0.9242857142857143,snips.bracketed.VP.supervised,25,231,test
0.34347060085697606,0.9828571428571429,0.9509641873278237,0.9620958751393534,0.9564976447769467,0.8957142857142857,snips.bracketed.VP.supervised,25,231,dev
0.32002909075130115,0.9857142857142858,0.9579878385848535,0.9659977703455964,0.9619761310019428,0.9071428571428571,snips.bracketed.VP.supervised,25,312,dev
0.3012854141945189,0.9828571428571429,0.9503585217870932,0.9625698324022346,0.9564252012212046,0.9057142857142857,snips.bracketed.VP.supervised,25,312,test
0.27844565984031017,0.9842857142857143,0.9566907273736813,0.9625698324022346,0.959621275410749,0.9071428571428571,snips.bracketed.VP.supervised,30,123,test
0.2549346306107261,0.9885714285714285,0.9526692350027518,0.9648829431438127,0.9587371919135973,0.9071428571428571,snips.bracketed.VP.supervised,30,123,dev
0.3614351847632365,0.9842857142857143,0.9514884233737596,0.9620958751393534,0.9567627494456762,0.9,snips.bracketed.VP.supervised,30,231,dev
0.2778005142780868,0.9842857142857143,0.9634551495016611,0.9720670391061452,0.9677419354838709,0.9228571428571428,snips.bracketed.VP.supervised,30,231,test
0.2686285132711584,0.9842857142857143,0.9545957918050941,0.9631284916201117,0.9588431590656286,0.9028571428571428,snips.bracketed.VP.supervised,30,312,test
0.2977435426278548,0.9871428571428571,0.9574585635359116,0.9659977703455964,0.9617092119866815,0.9114285714285715,snips.bracketed.VP.supervised,30,312,dev
0.3402925267476927,0.9842857142857143,0.9593541202672605,0.9625698324022346,0.9609592861126603,0.91,snips.bracketed.VP.supervised,35,123,test
0.3179842328483408,0.9871428571428571,0.9558255107675317,0.9648829431438127,0.9603328710124827,0.9085714285714286,snips.bracketed.VP.supervised,35,123,dev
0.3429797508499839,0.9857142857142858,0.9606211869107044,0.9654403567447045,0.9630247428412566,0.91,snips.bracketed.VP.supervised,35,231,dev
0.3039473566141995,0.9828571428571429,0.9683333333333334,0.9737430167597766,0.9710306406685237,0.9314285714285714,snips.bracketed.VP.supervised,35,231,test
0.32884957776828244,0.9814285714285714,0.9535655058043118,0.9636871508379888,0.9585996110030565,0.9042857142857142,snips.bracketed.VP.supervised,35,312,test
0.34482569857077167,0.9857142857142858,0.956882255389718,0.9648829431438127,0.9608659450457953,0.9042857142857142,snips.bracketed.VP.supervised,35,312,dev
0.31397472660649905,0.9871428571428571,0.95,0.9637681159420289,0.9568345323741007,0.9057142857142857,snips.bracketed.VP.supervised,40,123,dev
0.3165508642454039,0.9842857142857143,0.9615812917594655,0.964804469273743,0.9631901840490797,0.9128571428571428,snips.bracketed.VP.supervised,40,123,test
0.3062592903998765,0.9828571428571429,0.9677777777777777,0.9731843575418995,0.9704735376044569,0.9314285714285714,snips.bracketed.VP.supervised,40,231,test
0.36287962713024835,0.9857142857142858,0.9584487534626038,0.9643255295429208,0.9613781606001667,0.9085714285714286,snips.bracketed.VP.supervised,40,231,dev
0.3370968035676263,0.9857142857142858,0.9526431718061674,0.9643255295429208,0.9584487534626038,0.9042857142857142,snips.bracketed.VP.supervised,40,312,dev
0.29432050443508406,0.9857142857142858,0.9617516629711752,0.9692737430167597,0.9654980523094047,0.9171428571428571,snips.bracketed.VP.supervised,40,312,test
0.18683198060501705,0.9857142857142858,0.9487603305785124,0.959866220735786,0.9542809642560266,0.8942857142857142,snips.bracketed.VP.supervised,5,123,dev
0.21870296583934265,0.9814285714285714,0.9501385041551247,0.9581005586592178,0.9541029207232266,0.8914285714285715,snips.bracketed.VP.supervised,5,123,test
0.2522922476584261,0.9771428571428571,0.9444138690148597,0.958659217877095,0.9514832270584974,0.8871428571428571,snips.bracketed.VP.supervised,5,231,test
0.2266291112385013,0.9842857142857143,0.9413377192982456,0.9570791527313266,0.9491431730237699,0.8828571428571429,snips.bracketed.VP.supervised,5,231,dev
0.19995353574102576,0.9814285714285714,0.9492833517089305,0.9620111731843576,0.955604883462819,0.9014285714285715,snips.bracketed.VP.supervised,5,312,test
0.17611472071571785,0.9885714285714285,0.9494505494505494,0.9632107023411371,0.9562811289429994,0.8957142857142857,snips.bracketed.VP.supervised,5,312,dev
0.15512683157893745,0.9857142857142858,0.9177514792899408,0.9422843256379101,0.9298561151079138,0.8657142857142858,snips.bracketed.full.supervised,10,123,test
0.19098693775859746,0.9828571428571429,0.9324644549763034,0.9499094749547374,0.9411061285500747,0.8757142857142857,snips.bracketed.full.supervised,10,123,dev
0.16330977266823704,0.9814285714285714,0.9448441247002398,0.9574726609963548,0.9511164755582378,0.89,snips.bracketed.full.supervised,10,231,test
0.10206612517041239,0.9885714285714285,0.9432157800358637,0.9523234761617381,0.9477477477477477,0.8771428571428571,snips.bracketed.full.supervised,10,231,dev
0.19650965895165096,0.98,0.9324162679425837,0.9471445929526124,0.9397227245328511,0.8714285714285714,snips.bracketed.full.supervised,10,312,test
0.12743698301809755,0.9857142857142858,0.9346793349168646,0.9499094749547374,0.9422328644118527,0.8728571428571429,snips.bracketed.full.supervised,10,312,dev
0.1954229584133083,0.98,0.9481927710843373,0.9562575941676792,0.9522081064730792,0.89,snips.bracketed.full.supervised,15,123,test
0.17531009276651524,0.9871428571428571,0.946236559139785,0.955944477972239,0.9510657460222156,0.8871428571428571,snips.bracketed.full.supervised,15,123,dev
0.11671928909014571,0.9857142857142858,0.9378362223550508,0.9532199270959902,0.9454655016571255,0.88,snips.bracketed.full.supervised,15,231,test
0.199281921652569,0.9857142857142858,0.9327781082688875,0.9462884731442366,0.9394847213900538,0.87,snips.bracketed.full.supervised,15,231,dev
0.15009273376993157,0.9871428571428571,0.9321832242712671,0.9456849728424864,0.9388855602156979,0.8714285714285714,snips.bracketed.full.supervised,15,312,dev
0.2008319343863563,0.98,0.9404332129963899,0.9495747266099636,0.944981862152358,0.88,snips.bracketed.full.supervised,15,312,test
0.19594766927713697,0.9871428571428571,0.9392857142857143,0.9523234761617381,0.9457596643691939,0.8842857142857142,snips.bracketed.full.supervised,20,123,dev
0.1950175440446897,0.98,0.9364127174565087,0.948359659781288,0.942348324781165,0.8785714285714286,snips.bracketed.full.supervised,20,123,test
0.18586945449086753,0.9871428571428571,0.9375371802498513,0.9511164755582378,0.9442780107849011,0.8785714285714286,snips.bracketed.full.supervised,20,231,dev
0.15783736008134755,0.9828571428571429,0.9406830437387658,0.9538274605103281,0.947209653092006,0.8857142857142857,snips.bracketed.full.supervised,20,231,test
0.2581146980889819,0.9814285714285714,0.9354066985645934,0.9501822600243013,0.9427365883062084,0.8857142857142857,snips.bracketed.full.supervised,20,312,test
0.227233535440808,0.9842857142857143,0.9399167162403331,0.9535304767652384,0.9466746554823247,0.8885714285714286,snips.bracketed.full.supervised,20,312,dev
0.18563459889793937,0.9842857142857143,0.9422382671480144,0.951397326852977,0.9467956469165659,0.88,snips.bracketed.full.supervised,25,123,test
0.1703000209209594,0.9885714285714285,0.9404052443384983,0.9523234761617381,0.9463268365817091,0.8757142857142857,snips.bracketed.full.supervised,25,123,dev
0.1414159737866033,0.9871428571428571,0.9479665071770335,0.9629404617253949,0.9553948161543099,0.9028571428571428,snips.bracketed.full.supervised,25,231,test
0.19325881586833435,0.9871428571428571,0.9416319237641453,0.9541339770669885,0.947841726618705,0.88,snips.bracketed.full.supervised,25,231,dev
0.21485200541263277,0.9842857142857143,0.925089179548157,0.945321992709599,0.9350961538461539,0.8785714285714286,snips.bracketed.full.supervised,25,312,test
0.1802560861476443,0.9871428571428571,0.931872037914692,0.9493059746529873,0.9405082212257101,0.8742857142857143,snips.bracketed.full.supervised,25,312,dev
0.1963943550363183,0.99,0.9469290399522957,0.9583584791792396,0.9526094781043791,0.8957142857142857,snips.bracketed.full.supervised,30,123,dev
0.23669529536908324,0.9842857142857143,0.9428743235117258,0.9526123936816525,0.947718343910547,0.8857142857142857,snips.bracketed.full.supervised,30,123,test
0.14100920571945608,0.9857142857142858,0.9502099580083984,0.9623329283110571,0.9562330214307275,0.8985714285714286,snips.bracketed.full.supervised,30,231,test
0.20259550391611728,0.9885714285714285,0.9369797859690844,0.9511164755582378,0.9439952081461516,0.88,snips.bracketed.full.supervised,30,231,dev
0.25257004729726096,0.9828571428571429,0.9405048076923077,0.9507897934386391,0.945619335347432,0.8842857142857142,snips.bracketed.full.supervised,30,312,test
0.19247410632669926,0.9842857142857143,0.9363095238095238,0.9493059746529873,0.9427629607431826,0.8771428571428571,snips.bracketed.full.supervised,30,312,dev
0.22455277387052774,0.9871428571428571,0.9417013682331945,0.9553409776704889,0.9484721390053925,0.89,snips.bracketed.full.supervised,35,123,dev
0.23800625228746372,0.9842857142857143,0.9399759903961584,0.951397326852977,0.9456521739130435,0.8828571428571429,snips.bracketed.full.supervised,35,123,test
0.21637298827144233,0.9871428571428571,0.9408248655110579,0.9499094749547374,0.9453453453453453,0.8857142857142857,snips.bracketed.full.supervised,35,231,dev
0.1605451623485847,0.9842857142857143,0.9454763331336129,0.9586877278250304,0.9520361990950227,0.8971428571428571,snips.bracketed.full.supervised,35,231,test
0.17064778286625037,0.9885714285714285,0.945041816009558,0.9547374773687387,0.9498649054338036,0.89,snips.bracketed.full.supervised,35,312,dev
0.25924857130104845,0.9828571428571429,0.9463532248342374,0.9538274605103281,0.9500756429652042,0.8928571428571429,snips.bracketed.full.supervised,35,312,test
0.22589609005742453,0.9871428571428571,0.942364824717766,0.9571514785757392,0.9497005988023952,0.89,snips.bracketed.full.supervised,40,123,dev
0.23230921968140386,0.9857142857142858,0.9475903614457831,0.9556500607533415,0.9516031457955233,0.8914285714285715,snips.bracketed.full.supervised,40,123,test
0.19082291508940133,0.9828571428571429,0.9560770156438027,0.965370595382746,0.9607013301088272,0.91,snips.bracketed.full.supervised,40,231,test
0.21527865613726052,0.9871428571428571,0.9369797859690844,0.9511164755582378,0.9439952081461516,0.8857142857142857,snips.bracketed.full.supervised,40,231,dev
0.2595882454717701,0.9842857142857143,0.9463855421686747,0.9544349939246659,0.9503932244404113,0.8928571428571429,snips.bracketed.full.supervised,40,312,test
0.18062878713350405,0.9857142857142858,0.9398092967818832,0.9517199758599879,0.9457271364317841,0.8857142857142857,snips.bracketed.full.supervised,40,312,dev
0.1042510246519338,0.9885714285714285,0.9202813599062134,0.9474954737477369,0.9336901575973833,0.8571428571428571,snips.bracketed.full.supervised,5,123,dev
0.1147498054091226,0.9828571428571429,0.9109144542772861,0.9380315917375456,0.9242741694103562,0.8514285714285714,snips.bracketed.full.supervised,5,123,test
0.13654357330365616,0.9857142857142858,0.9251620506776664,0.9474954737477369,0.9361955873583782,0.8628571428571429,snips.bracketed.full.supervised,5,231,dev
0.10601151124997572,0.98,0.9202127659574468,0.9459295261239368,0.932893948472139,0.85,snips.bracketed.full.supervised,5,231,test
0.10903962837024168,0.99,0.9271327014218009,0.9444779722389861,0.9357249626307922,0.8585714285714285,snips.bracketed.full.supervised,5,312,dev
0.18117691932076757,0.9785714285714285,0.9240884638374178,0.9392466585662211,0.9316059053931907,0.8542857142857143,snips.bracketed.full.supervised,5,312,test
0.21243177709931677,0.9828571428571429,0.9239386792452831,0.9456849728424864,0.9346853563972564,0.8585714285714285,snips.bracketed.full.with_labels.supervised,10,123,dev
0.20228106477721172,0.9814285714285714,0.9292088042831648,0.9489671931956257,0.9389840697324918,0.8628571428571429,snips.bracketed.full.with_labels.supervised,10,123,test
0.20107690109447998,0.9771428571428571,0.9300239234449761,0.9447144592952612,0.9373116335141652,0.8728571428571429,snips.bracketed.full.with_labels.supervised,10,231,test
0.21784449453380975,0.9814285714285714,0.9345238095238095,0.9474954737477369,0.9409649385675758,0.8657142857142858,snips.bracketed.full.with_labels.supervised,10,231,dev
0.17934800913049417,0.9814285714285714,0.9266984505363528,0.9447144592952612,0.9356197352587245,0.8685714285714285,snips.bracketed.full.with_labels.supervised,10,312,test
0.16979059708220037,0.9828571428571429,0.9359810314167161,0.9529269764634882,0.944377990430622,0.8914285714285715,snips.bracketed.full.with_labels.supervised,10,312,dev
0.26427634517577564,0.98,0.9343283582089552,0.9444779722389861,0.93937575030012,0.8657142857142858,snips.bracketed.full.with_labels.supervised,15,123,dev
0.1832010390406305,0.9814285714285714,0.9297200714711138,0.948359659781288,0.9389473684210526,0.8642857142857143,snips.bracketed.full.with_labels.supervised,15,123,test
0.16239409902217714,0.9857142857142858,0.9343971631205674,0.9541339770669885,0.9441624365482234,0.8714285714285714,snips.bracketed.full.with_labels.supervised,15,231,dev
0.1900721634314819,0.9828571428571429,0.937799043062201,0.9526123936816525,0.9451476793248946,0.8857142857142857,snips.bracketed.full.with_labels.supervised,15,231,test
0.11282665333287283,0.99,0.9386174016686532,0.9505129752564876,0.944527736131934,0.8814285714285715,snips.bracketed.full.with_labels.supervised,15,312,dev
0.15396922860633244,0.9842857142857143,0.9359281437125748,0.9495747266099636,0.94270205066345,0.88,snips.bracketed.full.with_labels.supervised,15,312,test
0.14480632526630705,0.9871428571428571,0.9355223880597014,0.9520048602673147,0.9436916591388136,0.88,snips.bracketed.full.with_labels.supervised,20,123,test
0.3027158641171726,0.9785714285714285,0.937200956937799,0.9456849728424864,0.9414238510063082,0.8657142857142858,snips.bracketed.full.with_labels.supervised,20,123,dev
0.10498518039557067,0.99,0.9357907253269917,0.9499094749547374,0.9427972446840371,0.8728571428571429,snips.bracketed.full.with_labels.supervised,20,231,dev
0.1379254970022223,0.9857142857142858,0.9424805272618334,0.9556500607533415,0.9490196078431372,0.88,snips.bracketed.full.with_labels.supervised,20,231,test
0.16140917942605235,0.9857142857142858,0.942652329749104,0.9523234761617381,0.9474632242569798,0.8842857142857142,snips.bracketed.full.with_labels.supervised,20,312,dev
0.2508306062187661,0.9785714285714285,0.9392298435619735,0.948359659781288,0.9437726723095526,0.8814285714285715,snips.bracketed.full.with_labels.supervised,20,312,test
0.21562031690369954,0.9842857142857143,0.9394484412470024,0.9520048602673147,0.9456849728424864,0.8771428571428571,snips.bracketed.full.with_labels.supervised,25,123,test
0.2563108287921006,0.9814285714285714,0.9315883402736467,0.9450814725407363,0.9382863990413421,0.8671428571428571,snips.bracketed.full.with_labels.supervised,25,123,dev
0.2488366158848459,0.9757142857142858,0.9360047846889952,0.9507897934386391,0.9433393610608801,0.8728571428571429,snips.bracketed.full.with_labels.supervised,25,231,test
0.23798652458935976,0.9828571428571429,0.9409660107334525,0.9523234761617381,0.946610677864427,0.88,snips.bracketed.full.with_labels.supervised,25,231,dev
0.23318119245496663,0.9828571428571429,0.9400838825644098,0.9532199270959902,0.9466063348416289,0.8871428571428571,snips.bracketed.full.with_labels.supervised,25,312,test
0.15304744755849242,0.9885714285714285,0.9446098868374032,0.9571514785757392,0.9508393285371702,0.8914285714285715,snips.bracketed.full.with_labels.supervised,25,312,dev
0.27310973863032734,0.9814285714285714,0.9413524835427888,0.9493059746529873,0.9453124999999999,0.8814285714285715,snips.bracketed.full.with_labels.supervised,30,123,dev
0.21387745456939394,0.9871428571428571,0.93993993993994,0.9507897934386391,0.9453337360314105,0.8842857142857142,snips.bracketed.full.with_labels.supervised,30,123,test
0.16655343313786117,0.9871428571428571,0.9417013682331945,0.9553409776704889,0.9484721390053925,0.89,snips.bracketed.full.with_labels.supervised,30,231,dev
0.20020018534904177,0.9842857142857143,0.9425493716337523,0.956865127582017,0.9496533011757612,0.89,snips.bracketed.full.with_labels.supervised,30,231,test
0.23124718843874606,0.9828571428571429,0.9482239614689946,0.956865127582017,0.9525249470819473,0.8971428571428571,snips.bracketed.full.with_labels.supervised,30,312,test
0.16223388531414623,0.9885714285714285,0.9433512224209899,0.9547374773687387,0.949010197960408,0.8871428571428571,snips.bracketed.full.with_labels.supervised,30,312,dev
0.27124720464714547,0.9814285714285714,0.9419509275882705,0.9499094749547374,0.9459134615384616,0.8771428571428571,snips.bracketed.full.with_labels.supervised,35,123,dev
0.20350915396755392,0.9842857142857143,0.9446116797110174,0.9532199270959902,0.9488962806168731,0.8885714285714286,snips.bracketed.full.with_labels.supervised,35,123,test
0.23565267703749918,0.9828571428571429,0.944877171959257,0.9580801944106926,0.9514328808446454,0.8857142857142857,snips.bracketed.full.with_labels.supervised,35,231,test
0.1958302011374723,0.9857142857142858,0.9468339307048984,0.9565479782739892,0.9516661663164214,0.8957142857142857,snips.bracketed.full.with_labels.supervised,35,231,dev
0.24192590109834616,0.9814285714285714,0.9482239614689946,0.956865127582017,0.9525249470819473,0.8957142857142857,snips.bracketed.full.with_labels.supervised,35,312,test
0.14936574887145648,0.9871428571428571,0.9445107398568019,0.9553409776704889,0.9498949894989499,0.8914285714285715,snips.bracketed.full.with_labels.supervised,35,312,dev
0.27398400296541775,0.9828571428571429,0.9402271368798566,0.9493059746529873,0.9447447447447447,0.8785714285714286,snips.bracketed.full.with_labels.supervised,40,123,dev
0.2146396381272511,0.9842857142857143,0.946955997588909,0.9544349939246659,0.9506807866868382,0.8942857142857142,snips.bracketed.full.with_labels.supervised,40,123,test
0.20132672092454,0.9857142857142858,0.9427890345649583,0.9547374773687387,0.9487256371814093,0.89,snips.bracketed.full.with_labels.supervised,40,231,dev
0.23991246487606654,0.9814285714285714,0.9389587073608617,0.9532199270959902,0.9460355743141392,0.8814285714285715,snips.bracketed.full.with_labels.supervised,40,231,test
0.23447826009413059,0.9828571428571429,0.9458483754512635,0.9550425273390036,0.950423216444982,0.8928571428571429,snips.bracketed.full.with_labels.supervised,40,312,test
0.15527336972511627,0.9885714285714285,0.9491626794258373,0.9577549788774894,0.9534394713127066,0.8957142857142857,snips.bracketed.full.with_labels.supervised,40,312,dev
0.13749220543964344,0.9828571428571429,0.9206631142687981,0.9447144592952612,0.9325337331334331,0.8471428571428572,snips.bracketed.full.with_labels.supervised,5,123,test
0.17082687700167298,0.9814285714285714,0.925089179548157,0.9390464695232348,0.9320155735250074,0.8471428571428572,snips.bracketed.full.with_labels.supervised,5,123,dev
0.11520061320201917,0.9842857142857143,0.9329742669060442,0.9471445929526124,0.9400060295447693,0.8685714285714285,snips.bracketed.full.with_labels.supervised,5,231,test
0.17550398845394904,0.9814285714285714,0.930870083432658,0.9426674713337356,0.9367316341829086,0.8585714285714285,snips.bracketed.full.with_labels.supervised,5,231,dev
0.13399309681897814,0.9842857142857143,0.9239835002946376,0.9462884731442366,0.9350029815146095,0.8628571428571429,snips.bracketed.full.with_labels.supervised,5,312,dev
0.11762432881038297,0.9828571428571429,0.9263220439691028,0.9471445929526124,0.936617602883749,0.8642857142857143,snips.bracketed.full.with_labels.supervised,5,312,test
0.12322430592030287,0.9885714285714285,0.9761508596783139,0.9832402234636871,0.9796827163929864,0.9585714285714285,snips.bracketed.ground_truth,10,123,test
0.1783443003554236,0.99,0.9723145071982281,0.9788182831661093,0.9755555555555556,0.9471428571428572,snips.bracketed.ground_truth,10,123,dev
0.08010387276722626,0.9928571428571429,0.9816053511705686,0.9837988826815642,0.9827008928571429,0.96,snips.bracketed.ground_truth,10,231,test
0.10917315363026732,0.9942857142857143,0.9783453636868407,0.9821627647714605,0.980250347705146,0.9528571428571428,snips.bracketed.ground_truth,10,231,dev
0.14959708151119147,0.9885714285714285,0.978865406006674,0.9810479375696767,0.9799554565701559,0.9514285714285714,snips.bracketed.ground_truth,10,312,dev
0.16174007135189392,0.9828571428571429,0.9788064696040156,0.9804469273743017,0.9796260117220207,0.9528571428571428,snips.bracketed.ground_truth,10,312,test
0.17379875763700428,0.9842857142857143,0.9782608695652174,0.9804469273743017,0.9793526785714285,0.9514285714285714,snips.bracketed.ground_truth,15,123,test
0.2007540334541938,0.9885714285714285,0.9739178690344062,0.9782608695652174,0.9760845383759733,0.9442857142857143,snips.bracketed.ground_truth,15,123,dev
0.1520546737381003,0.9885714285714285,0.98046875,0.9815642458100559,0.9810161920714684,0.96,snips.bracketed.ground_truth,15,231,test
0.13401344888387196,0.9928571428571429,0.9783573806881243,0.9827201783723523,0.9805339265850945,0.9585714285714285,snips.bracketed.ground_truth,15,231,dev
0.16947349031794479,0.9828571428571429,0.9760445682451253,0.9787709497206704,0.9774058577405859,0.9457142857142857,snips.bracketed.ground_truth,15,312,test
0.17171129920858552,0.9885714285714285,0.9838530066815144,0.9849498327759197,0.9844011142061281,0.9628571428571429,snips.bracketed.ground_truth,15,312,dev
0.14988713432103395,0.99,0.9782971619365609,0.982122905027933,0.9802063005296905,0.9542857142857143,snips.bracketed.ground_truth,20,123,test
0.22234650209611573,0.99,0.971159179145868,0.9760312151616499,0.973589102029469,0.94,snips.bracketed.ground_truth,20,123,dev
0.18648055037060243,0.9857142857142858,0.9821528165086447,0.9837988826815642,0.9829751604800447,0.9585714285714285,snips.bracketed.ground_truth,20,231,test
0.2144567825049638,0.9871428571428571,0.9794330183435241,0.9821627647714605,0.9807959922070693,0.9528571428571428,snips.bracketed.ground_truth,20,231,dev
0.1226637938816566,0.99,0.9805122494432071,0.9837988826815642,0.9821528165086446,0.9585714285714285,snips.bracketed.ground_truth,20,312,test
0.2190050479498082,0.9842857142857143,0.9755826859045506,0.979933110367893,0.9777530589543937,0.9471428571428572,snips.bracketed.ground_truth,20,312,dev
0.2281220057456763,0.9857142857142858,0.9783212896053363,0.9810479375696767,0.9796827163929863,0.9457142857142857,snips.bracketed.ground_truth,25,123,dev
0.13502964490114458,0.9914285714285714,0.984941438929169,0.9865921787709497,0.9857661177783981,0.9657142857142857,snips.bracketed.ground_truth,25,123,test
0.18023682508448308,0.9857142857142858,0.9788418708240535,0.982122905027933,0.9804796430563303,0.9557142857142857,snips.bracketed.ground_truth,25,231,test
0.22005275098358237,0.9842857142857143,0.9783573806881243,0.9827201783723523,0.9805339265850945,0.9528571428571428,snips.bracketed.ground_truth,25,231,dev
0.182942525694836,0.99,0.9794558578567463,0.9832775919732442,0.9813630041724617,0.9571428571428572,snips.bracketed.ground_truth,25,312,dev
0.18658277443186802,0.9857142857142858,0.9788182831661093,0.9810055865921787,0.9799107142857143,0.9528571428571428,snips.bracketed.ground_truth,25,312,test
0.23084599052791335,0.9885714285714285,0.9827298050139276,0.9832775919732442,0.9830036221788799,0.9557142857142857,snips.bracketed.ground_truth,30,123,dev
0.1540860473284159,0.99,0.9866071428571429,0.9877094972067039,0.9871580122836404,0.9671428571428572,snips.bracketed.ground_truth,30,123,test
0.2508333388038657,0.9857142857142858,0.9821428571428571,0.9832402234636871,0.9826912339475153,0.9585714285714285,snips.bracketed.ground_truth,30,231,test
0.24348780813042223,0.9871428571428571,0.9821925431274346,0.9838350055741361,0.9830130882762461,0.9585714285714285,snips.bracketed.ground_truth,30,231,dev
0.19619641249830072,0.9871428571428571,0.9832589285714286,0.9843575418994414,0.9838079285315466,0.9642857142857143,snips.bracketed.ground_truth,30,312,test
0.20496668022774014,0.9871428571428571,0.9821925431274346,0.9838350055741361,0.9830130882762461,0.9571428571428572,snips.bracketed.ground_truth,30,312,dev
0.2433652525290778,0.9885714285714285,0.9838350055741361,0.9838350055741361,0.9838350055741361,0.9585714285714285,snips.bracketed.ground_truth,35,123,dev
0.1660670893563127,0.9885714285714285,0.984941438929169,0.9865921787709497,0.9857661177783981,0.9642857142857143,snips.bracketed.ground_truth,35,123,test
0.2554339959232576,0.9871428571428571,0.980544747081712,0.9832775919732442,0.9819092680211523,0.9571428571428572,snips.bracketed.ground_truth,35,231,dev
0.20780845088037578,0.9885714285714285,0.9810690423162584,0.9843575418994414,0.9827105409927496,0.9614285714285714,snips.bracketed.ground_truth,35,231,test
0.196958755758508,0.99,0.9816768461965575,0.9855072463768116,0.9835883171070933,0.9614285714285714,snips.bracketed.ground_truth,35,312,dev
0.17356926850466567,0.9885714285714285,0.981058495821727,0.9837988826815642,0.9824267782426778,0.9614285714285714,snips.bracketed.ground_truth,35,312,test
0.21121587344995615,0.9871428571428571,0.9849246231155779,0.9854748603351955,0.9851996648980732,0.9614285714285714,snips.bracketed.ground_truth,40,123,test
0.26886879297071364,0.9871428571428571,0.9816258351893096,0.9827201783723523,0.9821727019498607,0.9542857142857143,snips.bracketed.ground_truth,40,123,dev
0.2628402892319793,0.9871428571428571,0.9794444444444445,0.9827201783723523,0.9810795770728992,0.9557142857142857,snips.bracketed.ground_truth,40,231,dev
0.20673348881642928,0.9885714285714285,0.9777654252362423,0.9826815642458101,0.9802173307327946,0.9571428571428572,snips.bracketed.ground_truth,40,231,test
0.17032451025443152,0.9885714285714285,0.9832682654768544,0.9849162011173185,0.984091543399386,0.9642857142857143,snips.bracketed.ground_truth,40,312,test
0.19834554614300776,0.99,0.9833147942157954,0.9855072463768116,0.9844097995545658,0.9614285714285714,snips.bracketed.ground_truth,40,312,dev
0.12326362253357233,0.99,0.9700831024930748,0.9760312151616499,0.97304806890803,0.94,snips.bracketed.ground_truth,5,123,dev
0.12645402195101435,0.9857142857142858,0.9694444444444444,0.9748603351955307,0.9721448467966575,0.94,snips.bracketed.ground_truth,5,123,test
0.16621325351297855,0.9814285714285714,0.9787946428571429,0.9798882681564246,0.9793411501954216,0.9528571428571428,snips.bracketed.ground_truth,5,231,test
0.1507218249184503,0.9885714285714285,0.9745152354570638,0.9804905239687849,0.9774937482634065,0.9514285714285714,snips.bracketed.ground_truth,5,231,dev
0.11055122747678649,0.9885714285714285,0.9782850779510023,0.9815642458100559,0.9799219185722253,0.9528571428571428,snips.bracketed.ground_truth,5,312,test
0.11776654567273165,0.9885714285714285,0.9755691282620766,0.9793756967670011,0.9774687065368568,0.9471428571428572,snips.bracketed.ground_truth,5,312,dev
0.341132370585745,0.99,0.9055075593952484,0.9347826086956522,0.9199122325836533,0.8314285714285714,snips.control.less_than_avg_length,10,123,dev
0.3819947689771652,0.9814285714285714,0.9083016820401519,0.9351955307262569,0.921552436003303,0.8242857142857143,snips.control.less_than_avg_length,10,123,test
0.34228135645389557,0.9871428571428571,0.9040728831725616,0.9403567447045708,0.9218579234972677,0.8371428571428572,snips.control.less_than_avg_length,10,231,dev
0.40464304997162387,0.9771428571428571,0.9034519956850054,0.9357541899441341,0.9193194291986828,0.8171428571428572,snips.control.less_than_avg_length,10,231,test
0.3649809035387906,0.9814285714285714,0.9098805646036916,0.9363128491620112,0.9229074889867842,0.8314285714285714,snips.control.less_than_avg_length,10,312,test
0.3480572226372632,0.9885714285714285,0.9085992428339643,0.9364548494983278,0.9223167718912983,0.8357142857142857,snips.control.less_than_avg_length,10,312,dev
0.5056964429942045,0.9742857142857143,0.9111716621253406,0.9340782122905028,0.9224827586206896,0.8371428571428572,snips.control.less_than_avg_length,15,123,test
0.4076238599690524,0.9871428571428571,0.911860718171926,0.9342251950947603,0.9229074889867842,0.8371428571428572,snips.control.less_than_avg_length,15,123,dev
0.4209170246666128,0.9857142857142858,0.9054054054054054,0.9336677814938684,0.9193194291986827,0.83,snips.control.less_than_avg_length,15,231,dev
0.48265883868390863,0.9714285714285714,0.8991370010787486,0.9312849162011173,0.9149286498353458,0.8142857142857143,snips.control.less_than_avg_length,15,231,test
0.41599002480506897,0.9842857142857143,0.9096320346320347,0.9370122630992196,0.9231191652937946,0.8414285714285714,snips.control.less_than_avg_length,15,312,dev
0.46609767052260315,0.9757142857142858,0.914534567229178,0.9385474860335196,0.9263854425144749,0.8428571428571429,snips.control.less_than_avg_length,15,312,test
0.4436654272404584,0.9785714285714285,0.9087947882736156,0.9351955307262569,0.9218061674008811,0.8285714285714286,snips.control.less_than_avg_length,20,123,test
0.38384060155261646,0.9885714285714285,0.9083063646170443,0.9386845039018952,0.9232456140350878,0.8371428571428572,snips.control.less_than_avg_length,20,123,dev
0.471462834965099,0.9785714285714285,0.9101796407185628,0.9340782122905028,0.9219740832644058,0.8214285714285714,snips.control.less_than_avg_length,20,231,test
0.40724907409061084,0.9885714285714285,0.9056910569105691,0.931438127090301,0.9183841714756802,0.8257142857142857,snips.control.less_than_avg_length,20,231,dev
0.5293836525895379,0.9742857142857143,0.9023732470334412,0.9346368715083799,0.9182217343578486,0.8228571428571428,snips.control.less_than_avg_length,20,312,test
0.4175377440723506,0.9857142857142858,0.9098272138228942,0.9392419175027871,0.9243006034009874,0.8371428571428572,snips.control.less_than_avg_length,20,312,dev
0.4233712364326824,0.99,0.9140369967355821,0.9364548494983278,0.9251101321585903,0.84,snips.control.less_than_avg_length,25,123,dev
0.4620422294194048,0.98,0.9165757906215921,0.9391061452513967,0.9277041942604857,0.8442857142857143,snips.control.less_than_avg_length,25,123,test
0.49829645590348676,0.9771428571428571,0.9073170731707317,0.9351955307262569,0.9210453920220083,0.8228571428571428,snips.control.less_than_avg_length,25,231,test
0.46137047626755456,0.9885714285714285,0.9052517596101787,0.9319955406911928,0.918429003021148,0.8242857142857143,snips.control.less_than_avg_length,25,231,dev
0.42165346308188006,0.9857142857142858,0.9192580469176214,0.9392419175027871,0.9291425420457677,0.8428571428571429,snips.control.less_than_avg_length,25,312,dev
0.4701006222854961,0.9785714285714285,0.9198036006546645,0.9418994413407821,0.9307203974606679,0.8471428571428572,snips.control.less_than_avg_length,25,312,test
0.43884042582728644,0.99,0.9124047878128401,0.9347826086956522,0.9234581497797357,0.8385714285714285,snips.control.less_than_avg_length,30,123,dev
0.47827021879228676,0.98,0.9140369967355821,0.9385474860335196,0.9261300992282249,0.8328571428571429,snips.control.less_than_avg_length,30,123,test
0.5376236357472159,0.9757142857142858,0.9132569558101473,0.9351955307262569,0.9240960529947557,0.8328571428571429,snips.control.less_than_avg_length,30,231,test
0.45522780377756467,0.9871428571428571,0.9102217414818821,0.9381270903010034,0.9239637661268186,0.8285714285714286,snips.control.less_than_avg_length,30,231,dev
0.5236427120187066,0.9757142857142858,0.9069264069264069,0.9363128491620112,0.9213853765805388,0.8371428571428572,snips.control.less_than_avg_length,30,312,test
0.42494704642079095,0.99,0.9155773420479303,0.9370122630992196,0.9261707988980717,0.8385714285714285,snips.control.less_than_avg_length,30,312,dev
0.5202532458034429,0.9771428571428571,0.9161220043572985,0.9396648044692737,0.9277440706012134,0.8428571428571429,snips.control.less_than_avg_length,35,123,test
0.44852925024249335,0.9885714285714285,0.9148128052088985,0.939799331103679,0.9271377508935936,0.8485714285714285,snips.control.less_than_avg_length,35,123,dev
0.5500319329175082,0.9742857142857143,0.9132569558101473,0.9351955307262569,0.9240960529947557,0.8271428571428572,snips.control.less_than_avg_length,35,231,test
0.46196481585502625,0.9885714285714285,0.9085002707092582,0.935340022296544,0.9217248008788794,0.83,snips.control.less_than_avg_length,35,231,dev
0.4242279434745962,0.9885714285714285,0.9156692056583242,0.9381270903010034,0.9267621145374448,0.84,snips.control.less_than_avg_length,35,312,dev
0.5378913865848021,0.9757142857142858,0.9198473282442748,0.9424581005586592,0.9310154525386313,0.8485714285714285,snips.control.less_than_avg_length,35,312,test
0.4338409426537427,0.9914285714285714,0.9174809989142236,0.9420289855072463,0.9295929592959296,0.8514285714285714,snips.control.less_than_avg_length,40,123,dev
0.43317197330973367,0.9842857142857143,0.9167120304844856,0.9407821229050279,0.9285911221395093,0.8471428571428572,snips.control.less_than_avg_length,40,123,test
0.47145861319520255,0.9871428571428571,0.911062906724512,0.9364548494983278,0.9235843870258383,0.8314285714285714,snips.control.less_than_avg_length,40,231,dev
0.5635305182500319,0.9757142857142858,0.9102773246329527,0.9351955307262569,0.9225682006062277,0.8271428571428572,snips.control.less_than_avg_length,40,231,test
0.43949293006550183,0.9857142857142858,0.9173463839042958,0.9403567447045708,0.928709055876686,0.8457142857142858,snips.control.less_than_avg_length,40,312,dev
0.5005983087149534,0.9771428571428571,0.9145810663764962,0.9391061452513967,0.9266813671444323,0.8442857142857143,snips.control.less_than_avg_length,40,312,test
0.25387353924187744,0.99,0.8965333333333333,0.9370122630992196,0.91632597437994,0.8271428571428572,snips.control.less_than_avg_length,5,123,dev
0.27736961570653046,0.9814285714285714,0.894962486602358,0.9329608938547486,0.913566739606127,0.8071428571428572,snips.control.less_than_avg_length,5,123,test
0.2703153104944663,0.9814285714285714,0.8973527822798487,0.9279329608938548,0.9123867069486405,0.8157142857142857,snips.control.less_than_avg_length,5,231,test
0.33463966236873105,0.9842857142857143,0.8982229402261712,0.9297658862876255,0.913722267871816,0.8142857142857143,snips.control.less_than_avg_length,5,231,dev
0.3189355277202346,0.9828571428571429,0.8944265809217578,0.9303232998885173,0.9120218579234972,0.8214285714285714,snips.control.less_than_avg_length,5,312,dev
0.3209551979194988,0.9742857142857143,0.8876404494382022,0.9268156424581006,0.9068051380158513,0.8057142857142857,snips.control.less_than_avg_length,5,312,test
0.17018283548002894,0.9857142857142858,0.8644646924829157,0.9161134580567291,0.8895399941400528,0.7757142857142857,snips.control.less_than_avg_length.bracketed.full.supervised,10,123,dev
0.2427549074319276,0.9757142857142858,0.8572251007484168,0.9046172539489672,0.8802837718001775,0.7628571428571429,snips.control.less_than_avg_length.bracketed.full.supervised,10,123,test
0.2985838817601854,0.97,0.877039627039627,0.9143377885783718,0.8953004164187983,0.7842857142857143,snips.control.less_than_avg_length.bracketed.full.supervised,10,231,test
0.2183325754647905,0.9814285714285714,0.8904347826086957,0.9269764634882317,0.9083382613837966,0.8128571428571428,snips.control.less_than_avg_length.bracketed.full.supervised,10,231,dev
0.1866800825704228,0.9828571428571429,0.8819444444444444,0.9197344598672299,0.9004431314623338,0.78,snips.control.less_than_avg_length.bracketed.full.supervised,10,312,dev
0.2744455933570862,0.97,0.872822299651568,0.9131227217496962,0.8925178147268408,0.7685714285714286,snips.control.less_than_avg_length.bracketed.full.supervised,10,312,test
0.30406678264791315,0.97,0.864396999422966,0.9100850546780073,0.886652855874519,0.7642857142857142,snips.control.less_than_avg_length.bracketed.full.supervised,15,123,test
0.2366297421130267,0.9828571428571429,0.8822170900692841,0.9221484610742305,0.9017409265269991,0.79,snips.control.less_than_avg_length.bracketed.full.supervised,15,123,dev
0.29599056562239473,0.9657142857142857,0.888235294117647,0.9173754556500607,0.9025702331141662,0.7885714285714286,snips.control.less_than_avg_length.bracketed.full.supervised,15,231,test
0.18034340085631068,0.9842857142857143,0.9003496503496503,0.9324079662039831,0.916098428698488,0.82,snips.control.less_than_avg_length.bracketed.full.supervised,15,231,dev
0.34867646816101944,0.97,0.8831473869641808,0.913730255164034,0.8981785607644073,0.7885714285714286,snips.control.less_than_avg_length.bracketed.full.supervised,15,312,test
0.23211258057166229,0.9814285714285714,0.9008797653958944,0.9269764634882317,0.9137418203450328,0.8114285714285714,snips.control.less_than_avg_length.bracketed.full.supervised,15,312,dev
0.3246445174921643,0.9685714285714285,0.8789289871944121,0.9173754556500607,0.8977407847800238,0.7771428571428571,snips.control.less_than_avg_length.bracketed.full.supervised,20,123,test
0.26472314311699435,0.9785714285714285,0.8904347826086957,0.9269764634882317,0.9083382613837966,0.8028571428571428,snips.control.less_than_avg_length.bracketed.full.supervised,20,123,dev
0.2070072666657242,0.9828571428571429,0.9018691588785047,0.931804465902233,0.9165924606708222,0.8257142857142857,snips.control.less_than_avg_length.bracketed.full.supervised,20,231,dev
0.25985396382483567,0.9742857142857143,0.9044510385756677,0.9258809234507898,0.9150405283698589,0.8171428571428572,snips.control.less_than_avg_length.bracketed.full.supervised,20,231,test
0.27316395108672703,0.9785714285714285,0.8901869158878505,0.9197344598672299,0.9047195013357078,0.8114285714285714,snips.control.less_than_avg_length.bracketed.full.supervised,20,312,dev
0.3476421697573228,0.9728571428571429,0.8850913376546847,0.9125151883353585,0.8985940771761891,0.8,snips.control.less_than_avg_length.bracketed.full.supervised,20,312,test
0.3155615522780202,0.9685714285714285,0.8820782253356684,0.9179829890643986,0.8996725215838046,0.7871428571428571,snips.control.less_than_avg_length.bracketed.full.supervised,25,123,test
0.2107716961340471,0.9871428571428571,0.889727219965177,0.9251659625829813,0.9071005917159763,0.7985714285714286,snips.control.less_than_avg_length.bracketed.full.supervised,25,123,dev
0.2310579400509596,0.9814285714285714,0.8948896631823461,0.9299939649969825,0.9121041728321989,0.8142857142857143,snips.control.less_than_avg_length.bracketed.full.supervised,25,231,dev
0.2900934199040586,0.97,0.9041986989946778,0.9289185905224787,0.9163919688342822,0.8057142857142857,snips.control.less_than_avg_length.bracketed.full.supervised,25,231,test
0.27200432087887416,0.9771428571428571,0.8998829039812647,0.9275799637899819,0.9135215453194651,0.8157142857142857,snips.control.less_than_avg_length.bracketed.full.supervised,25,312,dev
0.31922327422282915,0.9685714285714285,0.8884976525821596,0.9198055893074119,0.9038805970149253,0.7985714285714286,snips.control.less_than_avg_length.bracketed.full.supervised,25,312,test
0.2254768113859675,0.9871428571428571,0.8936046511627908,0.9275799637899819,0.9102753923600829,0.8085714285714286,snips.control.less_than_avg_length.bracketed.full.supervised,30,123,dev
0.33311286297711457,0.9714285714285714,0.8769679300291545,0.913730255164034,0.8949717346027967,0.7785714285714286,snips.control.less_than_avg_length.bracketed.full.supervised,30,123,test
0.21129192225635052,0.9842857142857143,0.9012775842044135,0.9366324683162341,0.9186149748446285,0.8142857142857143,snips.control.less_than_avg_length.bracketed.full.supervised,30,231,dev
0.27858686955137685,0.9742857142857143,0.8941176470588236,0.9234507897934386,0.9085475194261805,0.8014285714285714,snips.control.less_than_avg_length.bracketed.full.supervised,30,231,test
0.24330677024342798,0.9814285714285714,0.8927738927738927,0.9245624622812312,0.9083901571301511,0.8085714285714286,snips.control.less_than_avg_length.bracketed.full.supervised,30,312,dev
0.3151951459321109,0.9742857142857143,0.8905238375515009,0.9191980558930741,0.9046337817638267,0.7942857142857143,snips.control.less_than_avg_length.bracketed.full.supervised,30,312,test
0.3333170576529069,0.9714285714285714,0.8985849056603774,0.9258809234507898,0.912028725314183,0.8028571428571428,snips.control.less_than_avg_length.bracketed.full.supervised,35,123,test
0.23058487779714845,0.9871428571428571,0.8959907030796049,0.9305974652987327,0.9129662522202487,0.8071428571428572,snips.control.less_than_avg_length.bracketed.full.supervised,35,123,dev
0.3049412610178644,0.9728571428571429,0.9037780401416765,0.9301336573511543,0.9167664670658683,0.81,snips.control.less_than_avg_length.bracketed.full.supervised,35,231,test
0.23426565968177535,0.9842857142857143,0.9086651053864169,0.9366324683162341,0.9224368499257057,0.8242857142857143,snips.control.less_than_avg_length.bracketed.full.supervised,35,231,dev
0.34092738005247986,0.97,0.8935541099940864,0.9179829890643986,0.9056038357806414,0.8042857142857143,snips.control.less_than_avg_length.bracketed.full.supervised,35,312,test
0.2484845451333306,0.9828571428571429,0.9042303172737955,0.9287869643934822,0.9163441500446561,0.8185714285714286,snips.control.less_than_avg_length.bracketed.full.supervised,35,312,dev
0.3423398699272763,0.9728571428571429,0.8854471069549971,0.9204131227217497,0.902591599642538,0.7942857142857143,snips.control.less_than_avg_length.bracketed.full.supervised,40,123,test
0.22923194075172598,0.9871428571428571,0.8949506674405108,0.9305974652987327,0.9124260355029585,0.81,snips.control.less_than_avg_length.bracketed.full.supervised,40,123,dev
0.24813721904700453,0.9842857142857143,0.9039580908032596,0.9372359686179843,0.9202962962962963,0.8228571428571428,snips.control.less_than_avg_length.bracketed.full.supervised,40,231,dev
0.3423329242928462,0.9714285714285714,0.9066745422327229,0.9325637910085055,0.9194369571728064,0.8142857142857143,snips.control.less_than_avg_length.bracketed.full.supervised,40,231,test
0.24353305758400398,0.9828571428571429,0.8998242530755711,0.9269764634882317,0.9131985731272294,0.82,snips.control.less_than_avg_length.bracketed.full.supervised,40,312,dev
0.34181262959133496,0.9714285714285714,0.8943952802359882,0.9210206561360875,0.9075127207422927,0.8014285714285714,snips.control.less_than_avg_length.bracketed.full.supervised,40,312,test
0.2377581853758205,0.9714285714285714,0.8295454545454546,0.8869987849331713,0.8573106283029948,0.7085714285714285,snips.control.less_than_avg_length.bracketed.full.supervised,5,123,test
0.1733370612968098,0.9814285714285714,0.86,0.9082679541339771,0.8834751981215145,0.7357142857142858,snips.control.less_than_avg_length.bracketed.full.supervised,5,123,dev
0.20529915781861002,0.9771428571428571,0.8661731207289294,0.9179239589619795,0.891297978318195,0.7714285714285715,snips.control.less_than_avg_length.bracketed.full.supervised,5,231,dev
0.2832139567895369,0.9614285714285714,0.8583765112262521,0.9058323207776428,0.8814661543009162,0.7585714285714286,snips.control.less_than_avg_length.bracketed.full.supervised,5,231,test
0.22786868499083954,0.9714285714285714,0.8764637002341921,0.9094775212636695,0.892665474060823,0.7728571428571429,snips.control.less_than_avg_length.bracketed.full.supervised,5,312,test
0.19465571337125517,0.98,0.8751451800232288,0.9094749547374774,0.8919798757028707,0.78,snips.control.less_than_avg_length.bracketed.full.supervised,5,312,dev
0.3296760347756473,0.99,0.935008192244675,0.9542920847268673,0.9445517241379311,0.8728571428571429,snips.control.random_50pct,10,123,dev
0.32881836423819716,0.98,0.9386637458926615,0.9575418994413408,0.9480088495575222,0.8757142857142857,snips.control.random_50pct,10,123,test
0.2925282266329635,0.9828571428571429,0.9427942794279428,0.9575418994413408,0.950110864745011,0.8914285714285715,snips.control.random_50pct,10,231,test
0.3528448153625835,0.9842857142857143,0.9432819383259912,0.9548494983277592,0.9490304709141274,0.8728571428571429,snips.control.random_50pct,10,231,dev
0.32959928634491836,0.9828571428571429,0.9454244762954797,0.9581005586592178,0.9517203107658158,0.8871428571428571,snips.control.random_50pct,10,312,test
0.3916746791113507,0.9828571428571429,0.9326396495071194,0.9492753623188406,0.9408839779005524,0.8614285714285714,snips.control.random_50pct,10,312,dev
0.3573874675414779,0.9857142857142858,0.9416941694169417,0.9542920847268673,0.9479512735326688,0.8728571428571429,snips.control.random_50pct,15,123,dev
0.3529672615907409,0.9814285714285714,0.9427942794279428,0.9575418994413408,0.950110864745011,0.8885714285714286,snips.control.random_50pct,15,123,test
0.370704556053335,0.9814285714285714,0.9356081452944414,0.9497206703910615,0.9426115885777654,0.8685714285714285,snips.control.random_50pct,15,231,test
0.38947100192308426,0.9842857142857143,0.9325287986834887,0.947603121516165,0.9400055294442907,0.8614285714285714,snips.control.random_50pct,15,231,dev
0.3643322932449254,0.9785714285714285,0.9409817981246553,0.9530726256983241,0.9469886205939495,0.8785714285714286,snips.control.random_50pct,15,312,test
0.4448909359899434,0.9828571428571429,0.9375684556407448,0.9542920847268673,0.9458563535911603,0.8671428571428571,snips.control.random_50pct,15,312,dev
0.42953685467893427,0.9785714285714285,0.9403973509933775,0.9519553072625698,0.946141032759578,0.8757142857142857,snips.control.random_50pct,20,123,test
0.40436256609179755,0.9871428571428571,0.9363336992316136,0.9509476031215162,0.9435840707964601,0.8728571428571429,snips.control.random_50pct,20,123,dev
0.4141432033343749,0.9857142857142858,0.9349015317286652,0.9526198439241917,0.943677526228603,0.8671428571428571,snips.control.random_50pct,20,231,dev
0.35266328873959457,0.98,0.9383938393839384,0.9530726256983241,0.9456762749445677,0.8771428571428571,snips.control.random_50pct,20,231,test
0.37454606931317935,0.9814285714285714,0.946843853820598,0.9553072625698324,0.9510567296996663,0.89,snips.control.random_50pct,20,312,test
0.4235468303615397,0.9828571428571429,0.9443526170798898,0.955406911928651,0.9498476032141867,0.8771428571428571,snips.control.random_50pct,20,312,dev
0.40427146919749,0.9871428571428571,0.9444138690148597,0.9565217391304348,0.9504292439767377,0.8785714285714286,snips.control.random_50pct,25,123,dev
0.38259372589263047,0.9785714285714285,0.9415977961432507,0.9547486033519553,0.948127600554785,0.8857142857142857,snips.control.random_50pct,25,123,test
0.4182257049463012,0.9871428571428571,0.9395604395604396,0.9531772575250836,0.9463198671831765,0.8757142857142857,snips.control.random_50pct,25,231,dev
0.35468717325817456,0.98,0.9444138690148597,0.958659217877095,0.9514832270584974,0.8842857142857142,snips.control.random_50pct,25,231,test
0.4020000994205475,0.98,0.9448732083792724,0.9575418994413408,0.951165371809101,0.8942857142857142,snips.control.random_50pct,25,312,test
0.42326745052229275,0.9842857142857143,0.9395604395604396,0.9531772575250836,0.9463198671831765,0.8757142857142857,snips.control.random_50pct,25,312,dev
0.4649309861389073,0.9814285714285714,0.9422124380847551,0.9542920847268673,0.9482137911935752,0.8785714285714286,snips.control.random_50pct,30,123,dev
0.45800143615766004,0.9814285714285714,0.9405613648871767,0.9547486033519553,0.9476018852231771,0.8828571428571429,snips.control.random_50pct,30,123,test
0.44515571065924386,0.9857142857142858,0.9395604395604396,0.9531772575250836,0.9463198671831765,0.8714285714285714,snips.control.random_50pct,30,231,dev
0.4072987281463363,0.9771428571428571,0.9458862506902264,0.9569832402234637,0.9514023882254928,0.8828571428571429,snips.control.random_50pct,30,231,test
0.4383627420121973,0.9828571428571429,0.9390779363336992,0.9537346711259754,0.9463495575221238,0.8757142857142857,snips.control.random_50pct,30,312,dev
0.38736455277963117,0.98,0.9491993373826615,0.9603351955307262,0.9547347958900305,0.8971428571428571,snips.control.random_50pct,30,312,test
0.46173263070258225,0.9785714285714285,0.9433131535498074,0.9575418994413408,0.9503742722484059,0.8885714285714286,snips.control.random_50pct,35,123,test
0.4335259531031955,0.9857142857142858,0.9391780821917808,0.955406911928651,0.9472229897761812,0.88,snips.control.random_50pct,35,123,dev
0.454629740931771,0.9871428571428571,0.941662080352229,0.9537346711259754,0.9476599279977845,0.8757142857142857,snips.control.random_50pct,35,231,dev
0.37115861949595536,0.9828571428571429,0.9385628085573231,0.9558659217877095,0.9471353445889842,0.8828571428571429,snips.control.random_50pct,35,231,test
0.399878416210413,0.9842857142857143,0.9438943894389439,0.958659217877095,0.9512195121951219,0.89,snips.control.random_50pct,35,312,test
0.4128876633264802,0.9842857142857143,0.943801652892562,0.9548494983277592,0.9492934330839568,0.8771428571428571,snips.control.random_50pct,35,312,dev
0.4421249032020569,0.9857142857142858,0.9397260273972603,0.9559643255295429,0.9477756286266925,0.8814285714285715,snips.control.random_50pct,40,123,dev
0.4616831215945157,0.9785714285714285,0.9428571428571428,0.958659217877095,0.9506925207756233,0.8885714285714286,snips.control.random_50pct,40,123,test
0.45696533064950595,0.9871428571428571,0.939010989010989,0.9526198439241917,0.9457664637520753,0.8728571428571429,snips.control.random_50pct,40,231,dev
0.38795164159753104,0.98,0.9432819383259912,0.9569832402234637,0.9500831946755407,0.8857142857142857,snips.control.random_50pct,40,231,test
0.4403678009455854,0.9842857142857143,0.9411441144114412,0.9537346711259754,0.9473975636766333,0.8757142857142857,snips.control.random_50pct,40,312,dev
0.41302631863138894,0.9828571428571429,0.9470782800441014,0.9597765363128492,0.9533851276359601,0.8928571428571429,snips.control.random_50pct,40,312,test
0.2929042333906347,0.9728571428571429,0.9370860927152318,0.9486033519553073,0.9428095502498611,0.8628571428571429,snips.control.random_50pct,5,123,test
0.28753007609735837,0.9842857142857143,0.9250407387289517,0.9492753623188406,0.9370013755158184,0.8428571428571429,snips.control.random_50pct,5,123,dev
0.2710236744447188,0.9871428571428571,0.9348302300109529,0.9515050167224081,0.9430939226519337,0.8642857142857143,snips.control.random_50pct,5,231,dev
0.2604165490378033,0.9814285714285714,0.9334799340296867,0.9486033519553073,0.940980881130507,0.8628571428571429,snips.control.random_50pct,5,231,test
0.2870361263101751,0.98,0.9377410468319559,0.9508379888268157,0.944244105409154,0.8614285714285714,snips.control.random_50pct,5,312,test
0.2676341472701593,0.9857142857142858,0.9358761746821448,0.9437012263099219,0.9397724118789896,0.85,snips.control.random_50pct,5,312,dev
0.1914528493176807,0.9771428571428571,0.8757980266976204,0.916767922235723,0.8958147818343722,0.7842857142857143,snips.control.random_50pct.bracketed.full.supervised,10,123,test
0.18488430384207855,0.9842857142857143,0.8911407064273307,0.9287869643934822,0.9095744680851063,0.8014285714285714,snips.control.random_50pct.bracketed.full.supervised,10,123,dev
0.18487269092689862,0.9828571428571429,0.9155844155844156,0.936028968014484,0.9256938227394808,0.8471428571428572,snips.control.random_50pct.bracketed.full.supervised,10,231,dev
0.13583265304226766,0.9814285714285714,0.9219308700834327,0.939854191980559,0.930806257521059,0.8457142857142858,snips.control.random_50pct.bracketed.full.supervised,10,231,test
0.17903093434870243,0.9828571428571429,0.8964096527369041,0.925273390036452,0.9106128550074739,0.8185714285714286,snips.control.random_50pct.bracketed.full.supervised,10,312,test
0.19043359177356417,0.9785714285714285,0.8961114335461404,0.931804465902233,0.9136094674556212,0.8142857142857143,snips.control.random_50pct.bracketed.full.supervised,10,312,dev
0.22188547236675565,0.9771428571428571,0.889018691588785,0.9246658566221142,0.9064919594997022,0.8071428571428572,snips.control.random_50pct.bracketed.full.supervised,15,123,test
0.19528643414378166,0.9842857142857143,0.8963520555877244,0.9342184671092335,0.9148936170212765,0.8228571428571428,snips.control.random_50pct.bracketed.full.supervised,15,123,dev
0.13820128540762447,0.9857142857142858,0.9203069657615112,0.9408569704284853,0.9304685168606386,0.8514285714285714,snips.control.random_50pct.bracketed.full.supervised,15,231,dev
0.1736178443851796,0.9785714285714285,0.925089179548157,0.945321992709599,0.9350961538461539,0.8528571428571429,snips.control.random_50pct.bracketed.full.supervised,15,231,test
0.1988276747817343,0.9828571428571429,0.9033787788974511,0.9258809234507898,0.9144914491449145,0.8242857142857143,snips.control.random_50pct.bracketed.full.supervised,15,312,test
0.1395055272362449,0.9871428571428571,0.9121462264150944,0.9336149668074833,0.9227557411273487,0.8285714285714286,snips.control.random_50pct.bracketed.full.supervised,15,312,dev
0.21730787747285582,0.9828571428571429,0.8908246225319396,0.9257694628847315,0.9079609351879255,0.8128571428571428,snips.control.random_50pct.bracketed.full.supervised,20,123,dev
0.2457305941392075,0.9757142857142858,0.8777648428405123,0.9161603888213852,0.896551724137931,0.8,snips.control.random_50pct.bracketed.full.supervised,20,123,test
0.17593806931240993,0.9828571428571429,0.9227110582639715,0.9428918590522479,0.9326923076923077,0.8528571428571429,snips.control.random_50pct.bracketed.full.supervised,20,231,test
0.19376046853986653,0.9842857142857143,0.9271327014218009,0.9444779722389861,0.9357249626307922,0.8628571428571429,snips.control.random_50pct.bracketed.full.supervised,20,231,dev
0.1611871909011494,0.9871428571428571,0.9064155385520895,0.9293904646952323,0.9177592371871275,0.82,snips.control.random_50pct.bracketed.full.supervised,20,312,dev
0.23287692174992777,0.9785714285714285,0.9022511848341233,0.925273390036452,0.913617276544691,0.8257142857142857,snips.control.random_50pct.bracketed.full.supervised,20,312,test
0.207587022673,0.9828571428571429,0.9063231850117096,0.9342184671092335,0.9200594353640417,0.8214285714285714,snips.control.random_50pct.bracketed.full.supervised,25,123,dev
0.2618473287333142,0.9771428571428571,0.8914956011730205,0.9234507897934386,0.9071918830199941,0.81,snips.control.random_50pct.bracketed.full.supervised,25,123,test
0.1718123841353438,0.9814285714285714,0.9299820466786356,0.9441069258809235,0.9369912571600845,0.8514285714285714,snips.control.random_50pct.bracketed.full.supervised,25,231,test
0.13928232418203895,0.9885714285714285,0.9235781990521327,0.9408569704284853,0.9321375186846039,0.8557142857142858,snips.control.random_50pct.bracketed.full.supervised,25,231,dev
0.2649793309921568,0.98,0.919664268585132,0.9319562575941677,0.9257694628847314,0.8485714285714285,snips.control.random_50pct.bracketed.full.supervised,25,312,test
0.21512826786122538,0.9828571428571429,0.9112950916617386,0.9299939649969825,0.9205495818399044,0.8271428571428572,snips.control.random_50pct.bracketed.full.supervised,25,312,dev
0.2780912278050726,0.9771428571428571,0.8991202346041056,0.93134872417983,0.9149507609668757,0.82,snips.control.random_50pct.bracketed.full.supervised,30,123,test
0.23550065183504063,0.98,0.9030939871570345,0.9336149668074833,0.9181008902077151,0.8157142857142857,snips.control.random_50pct.bracketed.full.supervised,30,123,dev
0.15408128118989142,0.9871428571428571,0.9247184350918791,0.9414604707302353,0.9330143540669857,0.86,snips.control.random_50pct.bracketed.full.supervised,30,231,dev
0.18492218852043152,0.9842857142857143,0.926829268292683,0.9465370595382746,0.9365795010519988,0.8542857142857143,snips.control.random_50pct.bracketed.full.supervised,30,231,test
0.25654735568572173,0.98,0.9129923574368018,0.9372359686179843,0.924955330553901,0.8371428571428572,snips.control.random_50pct.bracketed.full.supervised,30,312,dev
0.29386766779829154,0.9742857142857143,0.9148809523809524,0.9337788578371811,0.9242333132892363,0.8314285714285714,snips.control.random_50pct.bracketed.full.supervised,30,312,test
0.1980098821222782,0.9828571428571429,0.900523560209424,0.9342184671092335,0.9170616113744076,0.8271428571428572,snips.control.random_50pct.bracketed.full.supervised,35,123,dev
0.2805415886369618,0.9785714285714285,0.8973004694835681,0.9289185905224787,0.9128358208955224,0.8214285714285714,snips.control.random_50pct.bracketed.full.supervised,35,123,test
0.16649759349159218,0.9857142857142858,0.9264967397747481,0.9432709716354858,0.9348086124401914,0.8642857142857143,snips.control.random_50pct.bracketed.full.supervised,35,231,dev
0.1856197537007657,0.9842857142857143,0.930622009569378,0.945321992709599,0.9379144062688366,0.8528571428571429,snips.control.random_50pct.bracketed.full.supervised,35,231,test
0.21147056906060738,0.9842857142857143,0.9185360094451004,0.9390464695232348,0.9286780065652046,0.84,snips.control.random_50pct.bracketed.full.supervised,35,312,dev
0.24806182357397946,0.9814285714285714,0.9205495818399044,0.9362089914945322,0.9283132530120483,0.8471428571428572,snips.control.random_50pct.bracketed.full.supervised,35,312,test
0.1983048329976472,0.9857142857142858,0.90046565774156,0.9336149668074833,0.9167407407407407,0.83,snips.control.random_50pct.bracketed.full.supervised,40,123,dev
0.2713822940872474,0.9785714285714285,0.8941520467836257,0.9289185905224787,0.9112038140643623,0.8242857142857143,snips.control.random_50pct.bracketed.full.supervised,40,123,test
0.17912893776189198,0.9857142857142858,0.9358513189448441,0.948359659781288,0.9420639710319855,0.8585714285714285,snips.control.random_50pct.bracketed.full.supervised,40,231,test
0.1694620433686809,0.9857142857142858,0.9209439528023599,0.9420639710319855,0.9313842482100237,0.8585714285714285,snips.control.random_50pct.bracketed.full.supervised,40,231,dev
0.24696552397852595,0.98,0.9222022740873729,0.9362089914945322,0.9291528489599035,0.8485714285714285,snips.control.random_50pct.bracketed.full.supervised,40,312,test
0.20620122348720377,0.9842857142857143,0.9175014731879788,0.9396499698249849,0.928443649373882,0.8385714285714285,snips.control.random_50pct.bracketed.full.supervised,40,312,dev
0.16729645871303297,0.9828571428571429,0.85486624928856,0.9064574532287266,0.8799062683069714,0.7571428571428571,snips.control.random_50pct.bracketed.full.supervised,5,123,dev
0.17644338292831724,0.9771428571428571,0.8504566210045662,0.905224787363305,0.8769864626250736,0.7628571428571429,snips.control.random_50pct.bracketed.full.supervised,5,123,test
0.11574590273878792,0.9814285714285714,0.9110320284697508,0.9331713244228432,0.9219687875150059,0.8242857142857143,snips.control.random_50pct.bracketed.full.supervised,5,231,test
0.14054729535498403,0.9814285714285714,0.91086186540732,0.9312009656004828,0.9209191286183228,0.8242857142857143,snips.control.random_50pct.bracketed.full.supervised,5,231,dev
0.1587331143461845,0.98,0.8938515081206496,0.9299939649969825,0.9115646258503401,0.8057142857142857,snips.control.random_50pct.bracketed.full.supervised,5,312,dev
0.19430884888226335,0.9757142857142858,0.8774680603948897,0.9179829890643986,0.8972684085510689,0.7985714285714286,snips.control.random_50pct.bracketed.full.supervised,5,312,test
